id_poliza,id_asegurado,ramo,fecha_inicio,fecha_fin,prima,suma_asegurada,deducible,canal_venta,ciudad,estado_poliza
POL00001,A00001,Vehículos,2024-10-01,2025-10-01,1824.07,30000,300.0,Digital,Quito,Vigente
POL00002,A00001,Vida,2024-05-17,2025-05-17,3716.04,50000,500.0,Agente,Quito,Vigente
POL00003,A00002,Generales,2024-05-19,2025-05-19,995.81,30000,300.0,Call Center,Guayaquil,Vigente
POL00004,A00002,Salud,2024-09-11,2025-09-11,1110.78,20000,200.0,Agente,Guayaquil,Vigente
POL00005,A00003,Generales,2024-03-26,2025-03-26,567.98,15000,150.0,Agente,Quito,Vigente
POL00006,A00003,Generales,2024-12-11,2025-12-11,1788.33,50000,500.0,Call Center,Quito,Vigente
POL00007,A00004,Vehículos,2024-01-07,2025-01-06,387.59,12000,120.0,Digital,Portoviejo,Vigente
POL00008,A00005,Vida,2024-05-04,2025-05-04,968.27,20000,200.0,Sucursal,Portoviejo,Vigente
POL00009,A00005,Hogar,2024-04-10,2025-04-10,3751.11,50000,500.0,Bróker,Portoviejo,Vigente
POL00010,A00006,Vehículos,2024-07-28,2025-07-28,333.2,8000,80.0,Digital,Quito,Vigente
POL00011,A00007,Vida,2024-06-16,2025-06-16,789.57,15000,150.0,Bróker,Cuenca,Vigente
POL00012,A00007,Vehículos,2024-04-13,2025-04-13,827.96,12000,120.0,Call Center,Cuenca,Vigente
POL00013,A00008,Generales,2024-10-11,2025-10-11,2875.3,50000,500.0,Agente,Loja,Vigente
POL00014,A00008,Vehículos,2024-03-12,2025-03-12,244.78,8000,80.0,Bróker,Loja,Vigente
POL00015,A00009,Vehículos,2024-11-13,2025-11-13,1268.68,30000,300.0,Digital,Quito,Vigente
POL00016,A00010,Vehículos,2024-05-03,2025-05-03,850.27,15000,150.0,Agente,Guayaquil,Vigente
POL00017,A00011,Vehículos,2024-03-16,2025-03-16,1957.04,30000,300.0,Bróker,Riobamba,Vigente
POL00018,A00011,Salud,2024-09-11,2025-09-11,558.7,12000,120.0,Agente,Riobamba,Vigente
POL00019,A00012,Vehículos,2024-06-12,2025-06-12,741.71,12000,120.0,Agente,Manta,Vigente
POL00020,A00013,Vehículos,2024-07-11,2025-07-11,799.19,12000,120.0,Call Center,Manta,Vigente
POL00021,A00014,Vehículos,2024-03-28,2025-03-28,2229.53,50000,500.0,Agente,Machala,Vigente
POL00022,A00015,Hogar,2024-12-17,2025-12-17,1172.71,20000,200.0,Bróker,Riobamba,Vigente
POL00023,A00015,Vehículos,2024-02-10,2025-02-09,1502.78,20000,200.0,Agente,Riobamba,Vigente
POL00024,A00016,Vida,2024-10-01,2025-10-01,1108.42,15000,150.0,Digital,Cuenca,Vigente
POL00025,A00017,Salud,2024-10-19,2025-10-19,1609.57,30000,300.0,Bróker,Machala,Vigente
POL00026,A00017,Vehículos,2024-03-14,2025-03-14,1812.98,30000,300.0,Sucursal,Machala,Vigente
POL00027,A00018,Vehículos,2024-12-29,2025-12-29,1505.08,30000,300.0,Call Center,Loja,Vigente
POL00028,A00019,Vehículos,2024-10-19,2025-10-19,874.27,12000,120.0,Bróker,Ambato,Vigente
POL00029,A00020,Hogar,2024-11-23,2025-11-23,1096.12,15000,150.0,Digital,Cuenca,Vigente
POL00030,A00020,Salud,2024-11-29,2025-11-29,591.27,15000,150.0,Call Center,Cuenca,Vigente
POL00031,A00021,Generales,2024-11-03,2025-11-03,1260.53,20000,200.0,Bróker,Riobamba,Vigente
POL00032,A00022,Salud,2024-05-31,2025-05-31,1130.18,15000,150.0,Sucursal,Ambato,Vigente
POL00033,A00023,Vida,2024-10-25,2025-10-25,3986.88,50000,500.0,Bróker,Quito,Vigente
POL00034,A00023,Vehículos,2024-12-31,2025-12-31,771.79,12000,120.0,Sucursal,Quito,Vigente
POL00035,A00024,Salud,2024-07-30,2025-07-30,588.34,8000,80.0,Bróker,Loja,Vigente
POL00036,A00024,Vehículos,2024-04-12,2025-04-12,756.89,15000,150.0,Call Center,Loja,Vigente
POL00037,A00025,Vehículos,2024-01-03,2025-01-02,3334.01,50000,500.0,Bróker,Riobamba,Vigente
POL00038,A00026,Vehículos,2024-11-23,2025-11-23,1028.44,15000,150.0,Call Center,Guayaquil,Vigente
POL00039,A00027,Generales,2024-04-13,2025-04-13,977.58,15000,150.0,Digital,Guayaquil,Vigente
POL00040,A00027,Vehículos,2024-10-07,2025-10-07,1510.36,20000,200.0,Sucursal,Guayaquil,Vigente
POL00041,A00028,Generales,2024-11-14,2025-11-14,1108.86,15000,150.0,Agente,Quito,Vigente
POL00042,A00028,Vehículos,2024-06-24,2025-06-24,428.3,12000,120.0,Sucursal,Quito,Vigente
POL00043,A00029,Vehículos,2024-05-07,2025-05-07,945.75,20000,200.0,Sucursal,Manta,Vigente
POL00044,A00030,Vehículos,2024-07-30,2025-07-30,462.85,8000,80.0,Agente,Cuenca,Vigente
POL00045,A00031,Vehículos,2024-07-20,2025-07-20,634.23,12000,120.0,Bróker,Riobamba,Vigente
POL00046,A00032,Salud,2024-09-19,2025-09-19,1082.31,15000,150.0,Call Center,Machala,Vigente
POL00047,A00032,Generales,2024-12-30,2025-12-30,3838.78,50000,500.0,Bróker,Machala,Vigente
POL00048,A00033,Vehículos,2024-12-31,2025-12-31,964.96,15000,150.0,Bróker,Riobamba,Vigente
POL00049,A00034,Vehículos,2024-12-22,2025-12-22,969.7,15000,150.0,Agente,Portoviejo,Vigente
POL00050,A00034,Vida,2024-03-20,2025-03-20,301.48,8000,80.0,Digital,Portoviejo,Vigente
POL00051,A00035,Vida,2024-11-16,2025-11-16,2164.71,30000,300.0,Digital,Portoviejo,Vigente
POL00052,A00036,Vida,2024-10-08,2025-10-08,504.66,15000,150.0,Digital,Ambato,Vigente
POL00053,A00036,Salud,2024-04-04,2025-04-04,1002.26,30000,300.0,Call Center,Ambato,Vigente
POL00054,A00037,Vehículos,2024-10-01,2025-10-01,691.95,20000,200.0,Bróker,Machala,Vigente
POL00055,A00038,Vehículos,2024-10-02,2025-10-02,911.0,30000,300.0,Agente,Ambato,Vigente
POL00056,A00039,Salud,2024-11-12,2025-11-12,542.38,8000,80.0,Call Center,Riobamba,Vigente
POL00057,A00040,Vida,2024-02-07,2025-02-06,1146.04,15000,150.0,Agente,Quito,Vigente
POL00058,A00041,Vida,2024-06-03,2025-06-03,1029.76,30000,300.0,Sucursal,Quito,Vigente
POL00059,A00041,Vehículos,2024-12-04,2025-12-04,429.6,8000,80.0,Call Center,Quito,Vigente
POL00060,A00042,Vehículos,2024-02-04,2025-02-03,523.65,15000,150.0,Call Center,Manta,Vigente
POL00061,A00043,Vehículos,2024-02-25,2025-02-24,747.33,12000,120.0,Agente,Riobamba,Vigente
POL00062,A00043,Hogar,2024-12-16,2025-12-16,814.32,12000,120.0,Bróker,Riobamba,Vigente
POL00063,A00044,Vehículos,2024-10-16,2025-10-16,1889.12,30000,300.0,Bróker,Loja,Vigente
POL00064,A00044,Vehículos,2024-09-03,2025-09-03,909.9,30000,300.0,Bróker,Loja,Vigente
POL00065,A00045,Hogar,2024-09-21,2025-09-21,1199.36,20000,200.0,Call Center,Machala,Vigente
POL00066,A00045,Salud,2024-12-04,2025-12-04,1160.44,15000,150.0,Bróker,Machala,Vigente
POL00067,A00046,Salud,2024-08-29,2025-08-29,770.57,20000,200.0,Sucursal,Guayaquil,Vigente
POL00068,A00046,Salud,2024-10-25,2025-10-25,733.93,12000,120.0,Call Center,Guayaquil,Vigente
POL00069,A00047,Vehículos,2024-12-17,2025-12-17,1141.76,15000,150.0,Call Center,Ambato,Vigente
POL00070,A00047,Vehículos,2024-04-29,2025-04-29,353.31,8000,80.0,Call Center,Ambato,Vigente
POL00071,A00048,Vida,2024-08-16,2025-08-16,3873.11,50000,500.0,Agente,Cuenca,Vigente
POL00072,A00049,Salud,2024-06-22,2025-06-22,1821.04,30000,300.0,Agente,Ambato,Vigente
POL00073,A00050,Vehículos,2024-11-21,2025-11-21,561.75,8000,80.0,Bróker,Quito,Vigente
POL00074,A00051,Vehículos,2024-07-21,2025-07-21,1186.08,20000,200.0,Call Center,Ambato,Vigente
POL00075,A00051,Vehículos,2024-08-23,2025-08-23,2193.03,30000,300.0,Sucursal,Ambato,Vigente
POL00076,A00052,Generales,2024-07-01,2025-07-01,827.36,12000,120.0,Agente,Ambato,Vigente
POL00077,A00053,Salud,2024-12-05,2025-12-05,1213.83,20000,200.0,Call Center,Quito,Vigente
POL00078,A00054,Generales,2024-07-09,2025-07-09,1373.13,30000,300.0,Call Center,Loja,Vigente
POL00079,A00055,Vehículos,2024-09-18,2025-09-18,748.41,15000,150.0,Call Center,Cuenca,Vigente
POL00080,A00055,Vehículos,2024-12-24,2025-12-24,723.81,15000,150.0,Sucursal,Cuenca,Vigente
POL00081,A00056,Vehículos,2024-06-20,2025-06-20,720.72,15000,150.0,Call Center,Riobamba,Vigente
POL00082,A00057,Vehículos,2024-08-15,2025-08-15,1010.92,15000,150.0,Call Center,Quito,Vigente
POL00083,A00057,Generales,2024-01-15,2025-01-14,505.42,8000,80.0,Digital,Quito,Vigente
POL00084,A00058,Vehículos,2024-10-03,2025-10-03,861.41,15000,150.0,Bróker,Quito,Vigente
POL00085,A00058,Vehículos,2024-07-29,2025-07-29,1555.66,30000,300.0,Bróker,Quito,Vigente
POL00086,A00059,Vehículos,2024-08-12,2025-08-12,1520.51,50000,500.0,Agente,Riobamba,Vigente
POL00087,A00059,Vida,2024-09-23,2025-09-23,3955.29,50000,500.0,Sucursal,Riobamba,Vigente
POL00088,A00060,Salud,2024-06-08,2025-06-08,568.96,15000,150.0,Agente,Riobamba,Vigente
POL00089,A00060,Vida,2024-10-08,2025-10-08,1083.21,30000,300.0,Sucursal,Riobamba,Vigente
POL00090,A00061,Vehículos,2024-01-27,2025-01-26,2044.47,50000,500.0,Agente,Riobamba,Vigente
POL00091,A00061,Vehículos,2024-12-18,2025-12-18,958.17,20000,200.0,Bróker,Riobamba,Vigente
POL00092,A00062,Vida,2024-03-19,2025-03-19,1324.69,30000,300.0,Sucursal,Manta,Vigente
POL00093,A00062,Salud,2024-02-26,2025-02-25,449.28,8000,80.0,Agente,Manta,Vigente
POL00094,A00063,Generales,2024-03-07,2025-03-07,884.1,12000,120.0,Bróker,Loja,Vigente
POL00095,A00064,Vehículos,2024-02-20,2025-02-19,468.4,8000,80.0,Sucursal,Guayaquil,Vigente
POL00096,A00065,Salud,2024-10-12,2025-10-12,1346.11,20000,200.0,Call Center,Guayaquil,Vigente
POL00097,A00066,Salud,2024-12-25,2025-12-25,2567.69,50000,500.0,Agente,Cuenca,Vigente
POL00098,A00066,Vehículos,2024-04-02,2025-04-02,1502.34,30000,300.0,Digital,Cuenca,Vigente
POL00099,A00067,Vehículos,2024-08-23,2025-08-23,567.08,15000,150.0,Digital,Manta,Vigente
POL00100,A00068,Vehículos,2024-12-23,2025-12-23,451.92,12000,120.0,Sucursal,Riobamba,Vigente
POL00101,A00069,Vehículos,2024-10-21,2025-10-21,285.01,8000,80.0,Sucursal,Guayaquil,Vigente
POL00102,A00069,Vida,2024-04-18,2025-04-18,687.85,12000,120.0,Digital,Guayaquil,Vigente
POL00103,A00070,Salud,2024-03-13,2025-03-13,3246.89,50000,500.0,Agente,Portoviejo,Vigente
POL00104,A00070,Vehículos,2024-12-05,2025-12-05,965.22,30000,300.0,Bróker,Portoviejo,Vigente
POL00105,A00071,Vida,2024-01-10,2025-01-09,963.23,15000,150.0,Digital,Machala,Vigente
POL00106,A00071,Salud,2024-04-30,2025-04-30,1313.82,30000,300.0,Agente,Machala,Vigente
POL00107,A00072,Generales,2024-01-16,2025-01-15,2323.67,30000,300.0,Bróker,Manta,Vigente
POL00108,A00072,Vehículos,2024-07-20,2025-07-20,1843.15,50000,500.0,Sucursal,Manta,Vigente
POL00109,A00073,Vehículos,2024-04-04,2025-04-04,544.98,8000,80.0,Call Center,Manta,Vigente
POL00110,A00074,Generales,2024-09-07,2025-09-07,2312.24,50000,500.0,Sucursal,Manta,Vigente
POL00111,A00074,Generales,2024-08-06,2025-08-06,1376.21,20000,200.0,Call Center,Manta,Vigente
POL00112,A00075,Vida,2024-07-20,2025-07-20,2308.71,30000,300.0,Call Center,Portoviejo,Vigente
POL00113,A00075,Salud,2024-09-25,2025-09-25,3689.46,50000,500.0,Agente,Portoviejo,Vigente
POL00114,A00076,Vehículos,2024-01-22,2025-01-21,671.22,12000,120.0,Sucursal,Portoviejo,Vigente
POL00115,A00077,Vehículos,2024-12-20,2025-12-20,3767.91,50000,500.0,Bróker,Loja,Vigente
POL00116,A00078,Generales,2024-10-05,2025-10-05,483.19,8000,80.0,Sucursal,Quito,Vigente
POL00117,A00078,Vehículos,2024-10-28,2025-10-28,2689.28,50000,500.0,Sucursal,Quito,Vigente
POL00118,A00079,Generales,2024-08-06,2025-08-06,997.39,30000,300.0,Sucursal,Machala,Vigente
POL00119,A00079,Vehículos,2024-12-21,2025-12-21,696.91,15000,150.0,Sucursal,Machala,Vigente
POL00120,A00080,Vehículos,2024-04-13,2025-04-13,2204.07,50000,500.0,Agente,Ambato,Vigente
POL00121,A00081,Vehículos,2024-01-16,2025-01-15,1187.71,15000,150.0,Call Center,Cuenca,Vigente
POL00122,A00082,Vida,2024-09-25,2025-09-25,1031.65,15000,150.0,Bróker,Manta,Vigente
POL00123,A00082,Vida,2024-02-20,2025-02-19,1915.08,30000,300.0,Bróker,Manta,Vigente
POL00124,A00083,Vida,2024-08-23,2025-08-23,1313.68,20000,200.0,Call Center,Santo Domingo,Vigente
POL00125,A00084,Vehículos,2024-01-23,2025-01-22,3620.31,50000,500.0,Agente,Manta,Vigente
POL00126,A00085,Vehículos,2024-06-22,2025-06-22,1565.47,30000,300.0,Bróker,Loja,Vigente
POL00127,A00086,Vida,2024-06-15,2025-06-15,1087.51,20000,200.0,Agente,Machala,Vigente
POL00128,A00086,Vehículos,2024-06-28,2025-06-28,1061.24,20000,200.0,Bróker,Machala,Vigente
POL00129,A00087,Generales,2024-03-31,2025-03-31,1166.91,15000,150.0,Agente,Quito,Vigente
POL00130,A00088,Salud,2024-11-01,2025-11-01,927.41,20000,200.0,Agente,Quito,Vigente
POL00131,A00089,Vehículos,2024-03-12,2025-03-12,2254.88,30000,300.0,Agente,Loja,Vigente
POL00132,A00090,Vida,2024-07-26,2025-07-26,1035.19,20000,200.0,Bróker,Riobamba,Vigente
POL00133,A00090,Salud,2024-08-31,2025-08-31,472.94,12000,120.0,Sucursal,Riobamba,Vigente
POL00134,A00091,Generales,2024-03-19,2025-03-19,1198.09,15000,150.0,Bróker,Quito,Vigente
POL00135,A00091,Vehículos,2024-02-06,2025-02-05,1539.27,50000,500.0,Sucursal,Quito,Vigente
POL00136,A00092,Vehículos,2024-02-10,2025-02-09,2234.87,30000,300.0,Agente,Loja,Vigente
POL00137,A00092,Vehículos,2024-05-22,2025-05-22,549.4,15000,150.0,Digital,Loja,Vigente
POL00138,A00093,Vehículos,2024-08-31,2025-08-31,3870.63,50000,500.0,Call Center,Guayaquil,Vigente
POL00139,A00093,Vehículos,2024-02-04,2025-02-03,404.5,8000,80.0,Call Center,Guayaquil,Vigente
POL00140,A00094,Vehículos,2024-06-19,2025-06-19,343.3,8000,80.0,Digital,Machala,Vigente
POL00141,A00095,Vehículos,2024-07-25,2025-07-25,3452.34,50000,500.0,Agente,Ambato,Vigente
POL00142,A00095,Vehículos,2024-10-30,2025-10-30,653.54,12000,120.0,Agente,Ambato,Vigente
POL00143,A00096,Generales,2024-02-02,2025-02-01,285.67,8000,80.0,Call Center,Loja,Vigente
POL00144,A00097,Vehículos,2024-04-13,2025-04-13,937.34,20000,200.0,Sucursal,Ambato,Vigente
POL00145,A00098,Vehículos,2024-08-31,2025-08-31,1817.23,50000,500.0,Bróker,Santo Domingo,Vigente
POL00146,A00098,Hogar,2024-01-28,2025-01-27,2410.48,50000,500.0,Bróker,Santo Domingo,Vigente
POL00147,A00099,Vehículos,2024-11-11,2025-11-11,643.32,20000,200.0,Agente,Cuenca,Vigente
POL00148,A00099,Vehículos,2024-03-10,2025-03-10,1319.82,20000,200.0,Digital,Cuenca,Vigente
POL00149,A00100,Generales,2024-10-29,2025-10-29,908.25,12000,120.0,Agente,Guayaquil,Vigente
POL00150,A00101,Hogar,2024-01-21,2025-01-20,1333.48,20000,200.0,Call Center,Cuenca,Vigente
POL00151,A00101,Vehículos,2024-09-28,2025-09-28,1079.27,20000,200.0,Agente,Cuenca,Vigente
POL00152,A00102,Salud,2024-11-09,2025-11-09,1762.84,30000,300.0,Bróker,Riobamba,Vigente
POL00153,A00102,Vida,2024-02-11,2025-02-10,2221.27,30000,300.0,Agente,Riobamba,Vigente
POL00154,A00103,Generales,2024-02-26,2025-02-25,965.59,20000,200.0,Call Center,Loja,Vigente
POL00155,A00103,Vehículos,2024-07-06,2025-07-06,748.9,12000,120.0,Agente,Loja,Vigente
POL00156,A00104,Vehículos,2024-02-09,2025-02-08,305.91,8000,80.0,Agente,Quito,Vigente
POL00157,A00105,Hogar,2024-01-25,2025-01-24,571.87,12000,120.0,Sucursal,Portoviejo,Vigente
POL00158,A00105,Hogar,2024-11-12,2025-11-12,787.09,12000,120.0,Digital,Portoviejo,Vigente
POL00159,A00106,Hogar,2024-12-28,2025-12-28,3761.78,50000,500.0,Bróker,Guayaquil,Vigente
POL00160,A00107,Vehículos,2024-01-22,2025-01-21,880.89,15000,150.0,Sucursal,Santo Domingo,Vigente
POL00161,A00108,Vehículos,2024-07-24,2025-07-24,2161.32,30000,300.0,Sucursal,Cuenca,Vigente
POL00162,A00109,Vehículos,2024-08-15,2025-08-15,3981.49,50000,500.0,Sucursal,Manta,Vigente
POL00163,A00110,Vehículos,2024-01-02,2025-01-01,517.61,12000,120.0,Sucursal,Manta,Vigente
POL00164,A00110,Vehículos,2024-11-21,2025-11-21,486.54,15000,150.0,Digital,Manta,Vigente
POL00165,A00111,Generales,2024-01-09,2025-01-08,948.21,20000,200.0,Digital,Manta,Vigente
POL00166,A00112,Generales,2024-11-01,2025-11-01,2045.38,30000,300.0,Digital,Cuenca,Vigente
POL00167,A00113,Vida,2024-01-15,2025-01-14,3536.44,50000,500.0,Bróker,Ambato,Vigente
POL00168,A00114,Generales,2024-03-13,2025-03-13,2066.44,50000,500.0,Bróker,Portoviejo,Vigente
POL00169,A00115,Vehículos,2024-02-10,2025-02-09,1290.82,20000,200.0,Agente,Loja,Vigente
POL00170,A00116,Salud,2024-02-04,2025-02-03,567.83,8000,80.0,Agente,Santo Domingo,Vigente
POL00171,A00117,Vida,2024-05-24,2025-05-24,901.0,12000,120.0,Call Center,Loja,Vigente
POL00172,A00118,Hogar,2024-02-20,2025-02-19,912.29,12000,120.0,Sucursal,Santo Domingo,Vigente
POL00173,A00119,Salud,2024-04-04,2025-04-04,1273.53,20000,200.0,Agente,Quito,Vigente
POL00174,A00119,Vehículos,2024-06-30,2025-06-30,1024.09,20000,200.0,Call Center,Quito,Vigente
POL00175,A00120,Salud,2024-07-21,2025-07-21,1122.66,20000,200.0,Agente,Cuenca,Vigente
POL00176,A00120,Vehículos,2024-07-21,2025-07-21,1295.04,20000,200.0,Agente,Cuenca,Vigente
POL00177,A00121,Salud,2024-04-01,2025-04-01,1204.58,20000,200.0,Digital,Loja,Vigente
POL00178,A00121,Vehículos,2024-11-14,2025-11-14,1044.5,30000,300.0,Agente,Loja,Vigente
POL00179,A00122,Salud,2024-12-16,2025-12-16,1758.32,30000,300.0,Sucursal,Guayaquil,Vigente
POL00180,A00122,Salud,2024-03-21,2025-03-21,983.61,30000,300.0,Digital,Guayaquil,Vigente
POL00181,A00123,Salud,2024-07-12,2025-07-12,1914.73,30000,300.0,Digital,Cuenca,Vigente
POL00182,A00123,Vehículos,2024-01-15,2025-01-14,967.68,30000,300.0,Digital,Cuenca,Vigente
POL00183,A00124,Salud,2024-06-11,2025-06-11,1170.35,20000,200.0,Digital,Ambato,Vigente
POL00184,A00124,Salud,2024-09-07,2025-09-07,516.35,8000,80.0,Bróker,Ambato,Vigente
POL00185,A00125,Vehículos,2024-12-07,2025-12-07,574.97,15000,150.0,Digital,Manta,Vigente
POL00186,A00125,Salud,2024-10-07,2025-10-07,888.54,12000,120.0,Call Center,Manta,Vigente
POL00187,A00126,Salud,2024-04-19,2025-04-19,3905.29,50000,500.0,Sucursal,Quito,Vigente
POL00188,A00127,Hogar,2024-09-29,2025-09-29,2179.16,30000,300.0,Sucursal,Guayaquil,Vigente
POL00189,A00127,Hogar,2024-11-16,2025-11-16,448.91,8000,80.0,Digital,Guayaquil,Vigente
POL00190,A00128,Vehículos,2024-03-18,2025-03-18,3213.27,50000,500.0,Digital,Ambato,Vigente
POL00191,A00128,Salud,2024-11-25,2025-11-25,625.51,8000,80.0,Sucursal,Ambato,Vigente
POL00192,A00129,Vehículos,2024-02-12,2025-02-11,901.2,15000,150.0,Agente,Santo Domingo,Vigente
POL00193,A00130,Salud,2024-02-27,2025-02-26,859.31,15000,150.0,Sucursal,Santo Domingo,Vigente
POL00194,A00130,Salud,2024-05-22,2025-05-22,577.8,12000,120.0,Digital,Santo Domingo,Vigente
POL00195,A00131,Vehículos,2024-11-06,2025-11-06,576.59,8000,80.0,Agente,Riobamba,Vigente
POL00196,A00131,Vehículos,2024-02-03,2025-02-02,765.65,15000,150.0,Call Center,Riobamba,Vigente
POL00197,A00132,Hogar,2024-10-19,2025-10-19,372.44,12000,120.0,Agente,Guayaquil,Vigente
POL00198,A00132,Hogar,2024-11-27,2025-11-27,1839.94,30000,300.0,Agente,Guayaquil,Vigente
POL00199,A00133,Vehículos,2024-12-25,2025-12-25,389.87,12000,120.0,Call Center,Loja,Vigente
POL00200,A00133,Vehículos,2024-08-18,2025-08-18,581.78,12000,120.0,Sucursal,Loja,Vigente
POL00201,A00134,Generales,2024-03-08,2025-03-08,366.93,8000,80.0,Call Center,Guayaquil,Vigente
POL00202,A00134,Vehículos,2024-05-13,2025-05-13,365.31,8000,80.0,Bróker,Guayaquil,Vigente
POL00203,A00135,Vehículos,2024-02-27,2025-02-26,3667.2,50000,500.0,Agente,Riobamba,Vigente
POL00204,A00135,Salud,2024-06-17,2025-06-17,502.47,8000,80.0,Sucursal,Riobamba,Vigente
POL00205,A00136,Hogar,2024-10-18,2025-10-18,486.82,12000,120.0,Agente,Machala,Vigente
POL00206,A00136,Generales,2024-05-24,2025-05-24,1048.61,15000,150.0,Agente,Machala,Vigente
POL00207,A00137,Vehículos,2024-05-10,2025-05-10,504.05,12000,120.0,Sucursal,Quito,Vigente
POL00208,A00137,Vehículos,2024-06-23,2025-06-23,1276.44,20000,200.0,Bróker,Quito,Vigente
POL00209,A00138,Vehículos,2024-12-04,2025-12-04,779.55,20000,200.0,Bróker,Machala,Vigente
POL00210,A00139,Vehículos,2024-02-27,2025-02-26,518.41,8000,80.0,Bróker,Cuenca,Vigente
POL00211,A00140,Vida,2024-11-01,2025-11-01,2885.76,50000,500.0,Digital,Santo Domingo,Vigente
POL00212,A00140,Vehículos,2024-07-23,2025-07-23,1113.36,20000,200.0,Call Center,Santo Domingo,Vigente
POL00213,A00141,Vida,2024-03-23,2025-03-23,1210.81,30000,300.0,Agente,Guayaquil,Vigente
POL00214,A00141,Salud,2024-03-07,2025-03-07,479.69,12000,120.0,Call Center,Guayaquil,Vigente
POL00215,A00142,Vehículos,2024-07-31,2025-07-31,903.65,20000,200.0,Bróker,Riobamba,Vigente
POL00216,A00142,Vehículos,2024-11-18,2025-11-18,588.35,8000,80.0,Digital,Riobamba,Vigente
POL00217,A00143,Vehículos,2024-07-28,2025-07-28,1551.84,20000,200.0,Call Center,Santo Domingo,Vigente
POL00218,A00143,Vehículos,2024-06-03,2025-06-03,254.79,8000,80.0,Digital,Santo Domingo,Vigente
POL00219,A00144,Generales,2024-10-24,2025-10-24,1971.97,30000,300.0,Call Center,Machala,Vigente
POL00220,A00145,Vehículos,2024-05-25,2025-05-25,3461.97,50000,500.0,Call Center,Portoviejo,Vigente
POL00221,A00146,Salud,2024-09-05,2025-09-05,2644.28,50000,500.0,Call Center,Ambato,Vigente
POL00222,A00147,Salud,2024-08-21,2025-08-21,632.61,20000,200.0,Bróker,Santo Domingo,Vigente
POL00223,A00148,Hogar,2024-03-01,2025-03-01,2178.48,30000,300.0,Agente,Guayaquil,Vigente
POL00224,A00148,Vehículos,2024-10-19,2025-10-19,480.21,15000,150.0,Bróker,Guayaquil,Vigente
POL00225,A00149,Vida,2024-12-07,2025-12-07,748.98,20000,200.0,Digital,Manta,Vigente
POL00226,A00149,Vehículos,2024-11-15,2025-11-15,3058.97,50000,500.0,Sucursal,Manta,Vigente
POL00227,A00150,Vehículos,2024-01-13,2025-01-12,1376.07,30000,300.0,Digital,Portoviejo,Vigente
POL00228,A00150,Salud,2024-05-01,2025-05-01,1108.62,20000,200.0,Call Center,Portoviejo,Vigente
POL00229,A00151,Hogar,2024-05-17,2025-05-17,367.33,8000,80.0,Call Center,Machala,Vigente
POL00230,A00151,Vehículos,2024-09-04,2025-09-04,403.0,8000,80.0,Bróker,Machala,Vigente
POL00231,A00152,Vehículos,2024-09-30,2025-09-30,1004.9,30000,300.0,Agente,Manta,Vigente
POL00232,A00152,Vehículos,2024-12-09,2025-12-09,1272.25,20000,200.0,Digital,Manta,Vigente
POL00233,A00153,Vehículos,2024-04-09,2025-04-09,3347.04,50000,500.0,Call Center,Guayaquil,Vigente
POL00234,A00153,Vehículos,2024-02-11,2025-02-10,2111.51,30000,300.0,Bróker,Guayaquil,Vigente
POL00235,A00154,Vida,2024-02-01,2025-01-31,654.79,20000,200.0,Call Center,Santo Domingo,Vigente
POL00236,A00155,Vehículos,2024-12-12,2025-12-12,463.7,8000,80.0,Digital,Guayaquil,Vigente
POL00237,A00155,Vehículos,2024-03-06,2025-03-06,888.39,15000,150.0,Call Center,Guayaquil,Vigente
POL00238,A00156,Vehículos,2024-01-22,2025-01-21,819.41,20000,200.0,Agente,Cuenca,Vigente
POL00239,A00157,Vehículos,2024-10-10,2025-10-10,467.12,12000,120.0,Agente,Manta,Vigente
POL00240,A00158,Vehículos,2024-05-23,2025-05-23,870.9,12000,120.0,Call Center,Cuenca,Vigente
POL00241,A00159,Hogar,2024-07-10,2025-07-10,862.91,15000,150.0,Bróker,Riobamba,Vigente
POL00242,A00160,Vehículos,2024-09-22,2025-09-22,622.63,15000,150.0,Agente,Machala,Vigente
POL00243,A00161,Vehículos,2024-12-11,2025-12-11,637.52,15000,150.0,Digital,Guayaquil,Vigente
POL00244,A00162,Vehículos,2024-10-22,2025-10-22,543.34,12000,120.0,Agente,Riobamba,Vigente
POL00245,A00163,Vehículos,2024-12-18,2025-12-18,1632.92,30000,300.0,Bróker,Riobamba,Vigente
POL00246,A00164,Vehículos,2024-01-04,2025-01-03,627.44,12000,120.0,Sucursal,Portoviejo,Vigente
POL00247,A00164,Hogar,2024-10-10,2025-10-10,638.13,8000,80.0,Agente,Portoviejo,Vigente
POL00248,A00165,Salud,2024-06-15,2025-06-15,1050.94,20000,200.0,Digital,Santo Domingo,Vigente
POL00249,A00166,Salud,2024-08-24,2025-08-24,269.28,8000,80.0,Sucursal,Manta,Vigente
POL00250,A00167,Vehículos,2024-07-23,2025-07-23,598.0,12000,120.0,Agente,Ambato,Vigente
POL00251,A00167,Vehículos,2024-12-11,2025-12-11,1224.25,30000,300.0,Agente,Ambato,Vigente
POL00252,A00168,Salud,2024-10-04,2025-10-04,1538.92,20000,200.0,Agente,Cuenca,Vigente
POL00253,A00169,Vehículos,2024-07-01,2025-07-01,580.22,15000,150.0,Sucursal,Cuenca,Vigente
POL00254,A00170,Salud,2024-12-26,2025-12-26,333.04,8000,80.0,Call Center,Manta,Vigente
POL00255,A00171,Vehículos,2024-08-07,2025-08-07,731.86,12000,120.0,Agente,Santo Domingo,Vigente
POL00256,A00172,Vehículos,2024-04-08,2025-04-08,493.75,8000,80.0,Bróker,Loja,Vigente
POL00257,A00172,Salud,2024-08-09,2025-08-09,851.76,12000,120.0,Sucursal,Loja,Vigente
POL00258,A00173,Vida,2024-08-06,2025-08-06,543.54,8000,80.0,Digital,Manta,Vigente
POL00259,A00174,Salud,2024-03-30,2025-03-30,735.34,15000,150.0,Digital,Manta,Vigente
POL00260,A00175,Vehículos,2024-10-14,2025-10-14,1621.27,30000,300.0,Digital,Guayaquil,Vigente
POL00261,A00175,Vehículos,2024-08-05,2025-08-05,2116.98,50000,500.0,Sucursal,Guayaquil,Vigente
POL00262,A00176,Hogar,2024-07-22,2025-07-22,2270.25,50000,500.0,Bróker,Portoviejo,Vigente
POL00263,A00177,Vehículos,2024-02-05,2025-02-04,2544.6,50000,500.0,Sucursal,Riobamba,Vigente
POL00264,A00177,Vehículos,2024-04-30,2025-04-30,1085.19,20000,200.0,Agente,Riobamba,Vigente
POL00265,A00178,Generales,2024-05-23,2025-05-23,3378.6,50000,500.0,Bróker,Quito,Vigente
POL00266,A00179,Vehículos,2024-12-17,2025-12-17,3674.63,50000,500.0,Call Center,Manta,Vigente
POL00267,A00179,Salud,2024-05-03,2025-05-03,486.98,12000,120.0,Agente,Manta,Vigente
POL00268,A00180,Vehículos,2024-01-15,2025-01-14,917.4,12000,120.0,Digital,Portoviejo,Vigente
POL00269,A00181,Vehículos,2024-10-29,2025-10-29,1184.79,30000,300.0,Sucursal,Riobamba,Vigente
POL00270,A00182,Generales,2024-04-25,2025-04-25,3339.31,50000,500.0,Bróker,Machala,Vigente
POL00271,A00183,Vida,2024-06-02,2025-06-02,3780.94,50000,500.0,Bróker,Cuenca,Vigente
POL00272,A00183,Hogar,2024-10-07,2025-10-07,937.41,20000,200.0,Sucursal,Cuenca,Vigente
POL00273,A00184,Vida,2024-07-19,2025-07-19,451.14,8000,80.0,Digital,Loja,Vigente
POL00274,A00184,Vehículos,2024-04-09,2025-04-09,3640.63,50000,500.0,Sucursal,Loja,Vigente
POL00275,A00185,Hogar,2024-11-17,2025-11-17,2509.98,50000,500.0,Agente,Machala,Vigente
POL00276,A00185,Vehículos,2024-07-22,2025-07-22,902.69,20000,200.0,Call Center,Machala,Vigente
POL00277,A00186,Vehículos,2024-10-01,2025-10-01,1632.84,30000,300.0,Call Center,Portoviejo,Vigente
POL00278,A00187,Salud,2024-09-24,2025-09-24,904.63,15000,150.0,Call Center,Quito,Vigente
POL00279,A00187,Vehículos,2024-02-20,2025-02-19,3549.41,50000,500.0,Bróker,Quito,Vigente
POL00280,A00188,Vehículos,2024-11-05,2025-11-05,406.51,12000,120.0,Agente,Santo Domingo,Vigente
POL00281,A00188,Vehículos,2024-12-13,2025-12-13,1727.51,30000,300.0,Sucursal,Santo Domingo,Vigente
POL00282,A00189,Hogar,2024-03-25,2025-03-25,986.12,30000,300.0,Digital,Manta,Vigente
POL00283,A00190,Generales,2024-01-06,2025-01-05,1277.03,20000,200.0,Bróker,Riobamba,Vigente
POL00284,A00190,Vehículos,2024-09-20,2025-09-20,3994.89,50000,500.0,Call Center,Riobamba,Vigente
POL00285,A00191,Vehículos,2024-11-19,2025-11-19,1490.43,30000,300.0,Digital,Portoviejo,Vigente
POL00286,A00191,Vehículos,2024-07-10,2025-07-10,723.37,15000,150.0,Bróker,Portoviejo,Vigente
POL00287,A00192,Vehículos,2024-02-25,2025-02-24,290.45,8000,80.0,Digital,Santo Domingo,Vigente
POL00288,A00192,Vehículos,2024-07-24,2025-07-24,349.54,8000,80.0,Bróker,Santo Domingo,Vigente
POL00289,A00193,Vehículos,2024-08-29,2025-08-29,1131.36,15000,150.0,Agente,Portoviejo,Vigente
POL00290,A00193,Vehículos,2024-03-19,2025-03-19,291.13,8000,80.0,Sucursal,Portoviejo,Vigente
POL00291,A00194,Vehículos,2024-10-19,2025-10-19,715.27,12000,120.0,Agente,Ambato,Vigente
POL00292,A00195,Vehículos,2024-01-30,2025-01-29,3539.81,50000,500.0,Digital,Ambato,Vigente
POL00293,A00195,Vehículos,2024-06-07,2025-06-07,891.15,12000,120.0,Sucursal,Ambato,Vigente
POL00294,A00196,Vehículos,2024-03-20,2025-03-20,393.53,12000,120.0,Digital,Manta,Vigente
POL00295,A00196,Hogar,2024-02-13,2025-02-12,481.8,8000,80.0,Bróker,Manta,Vigente
POL00296,A00197,Salud,2024-11-03,2025-11-03,767.66,12000,120.0,Bróker,Quito,Vigente
POL00297,A00197,Generales,2024-12-17,2025-12-17,918.57,15000,150.0,Digital,Quito,Vigente
POL00298,A00198,Generales,2024-05-18,2025-05-18,1261.73,20000,200.0,Digital,Cuenca,Vigente
POL00299,A00198,Generales,2024-12-30,2025-12-30,555.54,8000,80.0,Bróker,Cuenca,Vigente
POL00300,A00199,Vehículos,2024-07-18,2025-07-18,1321.34,20000,200.0,Sucursal,Machala,Vigente
POL00301,A00200,Hogar,2024-01-09,2025-01-08,868.78,15000,150.0,Bróker,Machala,Vigente
POL00302,A00201,Vehículos,2024-06-27,2025-06-27,1086.56,15000,150.0,Bróker,Ambato,Vigente
POL00303,A00202,Vida,2024-12-23,2025-12-23,802.64,15000,150.0,Digital,Loja,Vigente
POL00304,A00203,Vida,2024-12-21,2025-12-21,354.71,8000,80.0,Bróker,Cuenca,Vigente
POL00305,A00203,Vehículos,2024-11-24,2025-11-24,481.67,8000,80.0,Bróker,Cuenca,Vigente
POL00306,A00204,Vehículos,2024-02-09,2025-02-08,902.39,15000,150.0,Digital,Guayaquil,Vigente
POL00307,A00204,Vida,2024-02-19,2025-02-18,755.46,15000,150.0,Call Center,Guayaquil,Vigente
POL00308,A00205,Salud,2024-03-17,2025-03-17,474.87,8000,80.0,Sucursal,Loja,Vigente
POL00309,A00206,Salud,2024-01-20,2025-01-19,570.92,15000,150.0,Sucursal,Manta,Vigente
POL00310,A00206,Vehículos,2024-11-16,2025-11-16,621.13,8000,80.0,Bróker,Manta,Vigente
POL00311,A00207,Vehículos,2024-07-05,2025-07-05,516.92,15000,150.0,Bróker,Machala,Vigente
POL00312,A00208,Generales,2024-04-24,2025-04-24,1474.16,20000,200.0,Agente,Santo Domingo,Vigente
POL00313,A00208,Vehículos,2024-08-27,2025-08-27,2837.79,50000,500.0,Sucursal,Santo Domingo,Vigente
POL00314,A00209,Generales,2024-12-16,2025-12-16,869.85,20000,200.0,Bróker,Ambato,Vigente
POL00315,A00210,Vehículos,2024-05-20,2025-05-20,681.71,20000,200.0,Sucursal,Loja,Vigente
POL00316,A00211,Vida,2024-12-11,2025-12-11,862.8,20000,200.0,Agente,Manta,Vigente
POL00317,A00212,Hogar,2024-03-05,2025-03-05,2623.32,50000,500.0,Call Center,Manta,Vigente
POL00318,A00212,Vehículos,2024-04-21,2025-04-21,3947.58,50000,500.0,Sucursal,Manta,Vigente
POL00319,A00213,Salud,2024-12-25,2025-12-25,2306.85,30000,300.0,Agente,Ambato,Vigente
POL00320,A00213,Hogar,2024-02-23,2025-02-22,499.85,8000,80.0,Call Center,Ambato,Vigente
POL00321,A00214,Vehículos,2024-11-15,2025-11-15,1049.55,30000,300.0,Sucursal,Cuenca,Vigente
POL00322,A00214,Vida,2024-09-22,2025-09-22,2999.86,50000,500.0,Digital,Cuenca,Vigente
POL00323,A00215,Hogar,2024-08-08,2025-08-08,693.44,12000,120.0,Sucursal,Riobamba,Vigente
POL00324,A00216,Salud,2024-07-20,2025-07-20,560.53,8000,80.0,Call Center,Ambato,Vigente
POL00325,A00217,Vehículos,2024-11-21,2025-11-21,1577.36,20000,200.0,Bróker,Quito,Vigente
POL00326,A00217,Salud,2024-05-05,2025-05-05,3450.07,50000,500.0,Sucursal,Quito,Vigente
POL00327,A00218,Salud,2024-05-20,2025-05-20,613.99,8000,80.0,Agente,Guayaquil,Vigente
POL00328,A00218,Salud,2024-10-23,2025-10-23,284.37,8000,80.0,Call Center,Guayaquil,Vigente
POL00329,A00219,Vehículos,2024-05-24,2025-05-24,1120.95,15000,150.0,Agente,Loja,Vigente
POL00330,A00220,Salud,2024-09-22,2025-09-22,2041.44,30000,300.0,Bróker,Ambato,Vigente
POL00331,A00221,Vehículos,2024-04-21,2025-04-21,371.02,8000,80.0,Bróker,Loja,Vigente
POL00332,A00221,Vehículos,2024-07-15,2025-07-15,799.72,20000,200.0,Digital,Loja,Vigente
POL00333,A00222,Salud,2024-06-13,2025-06-13,696.98,12000,120.0,Sucursal,Manta,Vigente
POL00334,A00222,Vehículos,2024-04-18,2025-04-18,1226.2,30000,300.0,Call Center,Manta,Vigente
POL00335,A00223,Vehículos,2024-01-09,2025-01-08,427.96,8000,80.0,Sucursal,Riobamba,Vigente
POL00336,A00224,Vehículos,2024-06-04,2025-06-04,345.49,8000,80.0,Call Center,Manta,Vigente
POL00337,A00225,Vehículos,2024-07-16,2025-07-16,652.59,12000,120.0,Digital,Riobamba,Vigente
POL00338,A00226,Vehículos,2024-01-15,2025-01-14,1261.89,20000,200.0,Sucursal,Quito,Vigente
POL00339,A00226,Vehículos,2024-02-26,2025-02-25,429.11,12000,120.0,Agente,Quito,Vigente
POL00340,A00227,Vehículos,2024-01-07,2025-01-06,2686.5,50000,500.0,Digital,Cuenca,Vigente
POL00341,A00227,Generales,2024-06-03,2025-06-03,2334.35,50000,500.0,Call Center,Cuenca,Vigente
POL00342,A00228,Vehículos,2024-12-17,2025-12-17,1992.32,30000,300.0,Agente,Cuenca,Vigente
POL00343,A00228,Hogar,2024-06-26,2025-06-26,532.64,15000,150.0,Agente,Cuenca,Vigente
POL00344,A00229,Hogar,2024-03-16,2025-03-16,1280.92,20000,200.0,Call Center,Portoviejo,Vigente
POL00345,A00229,Hogar,2024-11-15,2025-11-15,1896.48,30000,300.0,Digital,Portoviejo,Vigente
POL00346,A00230,Vehículos,2024-05-30,2025-05-30,421.54,8000,80.0,Bróker,Santo Domingo,Vigente
POL00347,A00230,Hogar,2024-02-20,2025-02-19,1140.15,15000,150.0,Call Center,Santo Domingo,Vigente
POL00348,A00231,Vehículos,2024-08-11,2025-08-11,3689.83,50000,500.0,Call Center,Guayaquil,Vigente
POL00349,A00231,Vida,2024-11-10,2025-11-10,1039.97,15000,150.0,Call Center,Guayaquil,Vigente
POL00350,A00232,Vehículos,2024-10-05,2025-10-05,2216.71,30000,300.0,Agente,Guayaquil,Vigente
POL00351,A00232,Vehículos,2024-03-19,2025-03-19,2219.85,30000,300.0,Call Center,Guayaquil,Vigente
POL00352,A00233,Hogar,2024-09-09,2025-09-09,950.77,15000,150.0,Sucursal,Santo Domingo,Vigente
POL00353,A00234,Salud,2024-02-24,2025-02-23,1016.9,20000,200.0,Sucursal,Machala,Vigente
POL00354,A00234,Vehículos,2024-05-25,2025-05-25,720.13,20000,200.0,Sucursal,Machala,Vigente
POL00355,A00235,Salud,2024-04-02,2025-04-02,1962.75,30000,300.0,Call Center,Riobamba,Vigente
POL00356,A00235,Vida,2024-09-26,2025-09-26,547.07,15000,150.0,Digital,Riobamba,Vigente
POL00357,A00236,Salud,2024-07-25,2025-07-25,257.97,8000,80.0,Bróker,Guayaquil,Vigente
POL00358,A00236,Vehículos,2024-12-06,2025-12-06,439.77,8000,80.0,Sucursal,Guayaquil,Vigente
POL00359,A00237,Vehículos,2024-09-27,2025-09-27,411.61,12000,120.0,Agente,Guayaquil,Vigente
POL00360,A00238,Vehículos,2024-05-28,2025-05-28,742.82,15000,150.0,Digital,Santo Domingo,Vigente
POL00361,A00238,Salud,2024-11-09,2025-11-09,595.01,8000,80.0,Sucursal,Santo Domingo,Vigente
POL00362,A00239,Vehículos,2024-01-22,2025-01-21,254.24,8000,80.0,Call Center,Loja,Vigente
POL00363,A00240,Vehículos,2024-10-01,2025-10-01,968.67,30000,300.0,Agente,Riobamba,Vigente
POL00364,A00241,Vehículos,2024-07-29,2025-07-29,3876.41,50000,500.0,Sucursal,Santo Domingo,Vigente
POL00365,A00242,Vehículos,2024-04-04,2025-04-04,2577.71,50000,500.0,Agente,Machala,Vigente
POL00366,A00243,Vehículos,2024-05-20,2025-05-20,651.56,15000,150.0,Digital,Machala,Vigente
POL00367,A00243,Generales,2024-12-01,2025-12-01,333.07,8000,80.0,Agente,Machala,Vigente
POL00368,A00244,Salud,2024-08-13,2025-08-13,1376.0,30000,300.0,Call Center,Quito,Vigente
POL00369,A00245,Vehículos,2024-12-31,2025-12-31,1181.46,15000,150.0,Agente,Santo Domingo,Vigente
POL00370,A00246,Vehículos,2024-03-17,2025-03-17,938.3,30000,300.0,Call Center,Quito,Vigente
POL00371,A00247,Vehículos,2024-07-28,2025-07-28,509.77,15000,150.0,Call Center,Guayaquil,Vigente
POL00372,A00248,Vehículos,2024-01-18,2025-01-17,623.93,20000,200.0,Bróker,Ambato,Vigente
POL00373,A00249,Vehículos,2024-08-12,2025-08-12,665.2,12000,120.0,Call Center,Manta,Vigente
POL00374,A00249,Hogar,2024-05-12,2025-05-12,2030.2,30000,300.0,Bróker,Manta,Vigente
POL00375,A00250,Vehículos,2024-04-15,2025-04-15,2158.18,30000,300.0,Bróker,Cuenca,Vigente
POL00376,A00250,Salud,2024-05-21,2025-05-21,1230.62,20000,200.0,Call Center,Cuenca,Vigente
POL00377,A00251,Vida,2024-06-10,2025-06-10,413.35,8000,80.0,Call Center,Machala,Vigente
POL00378,A00252,Vehículos,2024-10-12,2025-10-12,3594.09,50000,500.0,Agente,Manta,Vigente
POL00379,A00252,Generales,2024-05-29,2025-05-29,2712.65,50000,500.0,Sucursal,Manta,Vigente
POL00380,A00253,Salud,2024-05-31,2025-05-31,327.57,8000,80.0,Digital,Guayaquil,Vigente
POL00381,A00253,Vehículos,2024-08-16,2025-08-16,635.55,15000,150.0,Sucursal,Guayaquil,Vigente
POL00382,A00254,Vehículos,2024-07-28,2025-07-28,703.5,12000,120.0,Bróker,Santo Domingo,Vigente
POL00383,A00255,Vehículos,2024-05-24,2025-05-24,468.18,15000,150.0,Bróker,Portoviejo,Vigente
POL00384,A00255,Vehículos,2024-04-23,2025-04-23,1161.0,20000,200.0,Sucursal,Portoviejo,Vigente
POL00385,A00256,Salud,2024-10-17,2025-10-17,395.36,12000,120.0,Sucursal,Quito,Vigente
POL00386,A00256,Vehículos,2024-06-08,2025-06-08,2344.67,50000,500.0,Bróker,Quito,Vigente
POL00387,A00257,Vehículos,2024-10-07,2025-10-07,999.41,20000,200.0,Digital,Santo Domingo,Vigente
POL00388,A00257,Vehículos,2024-02-18,2025-02-17,489.99,8000,80.0,Call Center,Santo Domingo,Vigente
POL00389,A00258,Hogar,2024-02-16,2025-02-15,1119.74,30000,300.0,Bróker,Riobamba,Vigente
POL00390,A00259,Generales,2024-06-14,2025-06-14,598.38,8000,80.0,Agente,Riobamba,Vigente
POL00391,A00259,Vehículos,2024-08-13,2025-08-13,1264.84,20000,200.0,Digital,Riobamba,Vigente
POL00392,A00260,Vehículos,2024-01-06,2025-01-05,625.25,12000,120.0,Call Center,Loja,Vigente
POL00393,A00260,Vehículos,2024-03-02,2025-03-02,417.35,8000,80.0,Agente,Loja,Vigente
POL00394,A00261,Vehículos,2024-08-26,2025-08-26,2154.16,30000,300.0,Agente,Portoviejo,Vigente
POL00395,A00261,Hogar,2024-05-12,2025-05-12,2599.0,50000,500.0,Agente,Portoviejo,Vigente
POL00396,A00262,Vehículos,2024-07-05,2025-07-05,1029.28,15000,150.0,Call Center,Portoviejo,Vigente
POL00397,A00262,Salud,2024-01-18,2025-01-17,975.97,15000,150.0,Digital,Portoviejo,Vigente
POL00398,A00263,Vehículos,2024-08-31,2025-08-31,702.5,15000,150.0,Agente,Loja,Vigente
POL00399,A00264,Hogar,2024-10-17,2025-10-17,437.93,12000,120.0,Digital,Guayaquil,Vigente
POL00400,A00265,Hogar,2024-06-07,2025-06-07,840.89,12000,120.0,Sucursal,Machala,Vigente
POL00401,A00266,Vehículos,2024-01-01,2024-12-31,1868.73,50000,500.0,Bróker,Guayaquil,Vigente
POL00402,A00266,Vehículos,2024-02-06,2025-02-05,816.23,15000,150.0,Call Center,Guayaquil,Vigente
POL00403,A00267,Vehículos,2024-12-15,2025-12-15,2151.35,30000,300.0,Sucursal,Cuenca,Vigente
POL00404,A00268,Vehículos,2024-06-21,2025-06-21,2975.38,50000,500.0,Bróker,Guayaquil,Vigente
POL00405,A00269,Salud,2024-03-05,2025-03-05,1861.61,50000,500.0,Sucursal,Quito,Vigente
POL00406,A00270,Generales,2024-06-25,2025-06-25,1288.99,20000,200.0,Bróker,Riobamba,Vigente
POL00407,A00270,Hogar,2024-09-25,2025-09-25,1587.63,30000,300.0,Agente,Riobamba,Vigente
POL00408,A00271,Vehículos,2024-03-16,2025-03-16,2365.26,30000,300.0,Agente,Ambato,Vigente
POL00409,A00271,Vehículos,2024-04-16,2025-04-16,552.82,8000,80.0,Bróker,Ambato,Vigente
POL00410,A00272,Salud,2024-10-14,2025-10-14,512.32,15000,150.0,Call Center,Guayaquil,Vigente
POL00411,A00273,Vehículos,2024-06-10,2025-06-10,1274.5,20000,200.0,Agente,Portoviejo,Vigente
POL00412,A00273,Generales,2024-11-20,2025-11-20,2294.44,50000,500.0,Call Center,Portoviejo,Vigente
POL00413,A00274,Vehículos,2024-07-25,2025-07-25,1356.83,20000,200.0,Digital,Quito,Vigente
POL00414,A00274,Generales,2024-03-23,2025-03-23,969.06,20000,200.0,Bróker,Quito,Vigente
POL00415,A00275,Vehículos,2024-12-30,2025-12-30,553.63,12000,120.0,Digital,Machala,Vigente
POL00416,A00276,Generales,2024-01-21,2025-01-20,749.57,15000,150.0,Call Center,Guayaquil,Vigente
POL00417,A00276,Salud,2024-08-13,2025-08-13,1387.42,20000,200.0,Agente,Guayaquil,Vigente
POL00418,A00277,Generales,2024-10-23,2025-10-23,528.8,8000,80.0,Digital,Loja,Vigente
POL00419,A00278,Salud,2024-03-13,2025-03-13,837.33,12000,120.0,Bróker,Machala,Vigente
POL00420,A00278,Vehículos,2024-06-17,2025-06-17,3234.29,50000,500.0,Sucursal,Machala,Vigente
POL00421,A00279,Vehículos,2024-04-18,2025-04-18,1354.43,30000,300.0,Call Center,Quito,Vigente
POL00422,A00280,Salud,2024-11-22,2025-11-22,575.99,8000,80.0,Call Center,Guayaquil,Vigente
POL00423,A00280,Generales,2024-04-13,2025-04-13,948.18,15000,150.0,Sucursal,Guayaquil,Vigente
POL00424,A00281,Hogar,2024-09-16,2025-09-16,348.59,8000,80.0,Call Center,Santo Domingo,Vigente
POL00425,A00282,Hogar,2024-01-29,2025-01-28,1166.7,20000,200.0,Bróker,Ambato,Vigente
POL00426,A00283,Vehículos,2024-04-03,2025-04-03,3840.83,50000,500.0,Bróker,Guayaquil,Vigente
POL00427,A00284,Vehículos,2024-01-05,2025-01-04,1544.63,30000,300.0,Agente,Quito,Vigente
POL00428,A00284,Vehículos,2024-08-09,2025-08-09,2261.6,50000,500.0,Sucursal,Quito,Vigente
POL00429,A00285,Vehículos,2024-06-19,2025-06-19,2384.83,50000,500.0,Digital,Quito,Vigente
POL00430,A00285,Vehículos,2024-09-02,2025-09-02,2982.35,50000,500.0,Agente,Quito,Vigente
POL00431,A00286,Generales,2024-12-24,2025-12-24,3347.65,50000,500.0,Digital,Manta,Vigente
POL00432,A00287,Vida,2024-04-19,2025-04-19,552.76,12000,120.0,Bróker,Santo Domingo,Vigente
POL00433,A00287,Vehículos,2024-06-19,2025-06-19,766.6,12000,120.0,Digital,Santo Domingo,Vigente
POL00434,A00288,Generales,2024-08-26,2025-08-26,1489.36,20000,200.0,Bróker,Portoviejo,Vigente
POL00435,A00288,Salud,2024-02-07,2025-02-06,748.7,12000,120.0,Digital,Portoviejo,Vigente
POL00436,A00289,Salud,2024-12-20,2025-12-20,3550.52,50000,500.0,Sucursal,Guayaquil,Vigente
POL00437,A00289,Generales,2024-07-24,2025-07-24,1340.72,30000,300.0,Call Center,Guayaquil,Vigente
POL00438,A00290,Vehículos,2024-04-25,2025-04-25,770.36,15000,150.0,Digital,Santo Domingo,Vigente
POL00439,A00290,Vehículos,2024-08-13,2025-08-13,573.66,8000,80.0,Sucursal,Santo Domingo,Vigente
POL00440,A00291,Hogar,2024-01-09,2025-01-08,392.01,8000,80.0,Sucursal,Riobamba,Vigente
POL00441,A00292,Hogar,2024-02-21,2025-02-20,720.29,15000,150.0,Digital,Loja,Vigente
POL00442,A00292,Generales,2024-08-10,2025-08-10,2251.74,50000,500.0,Agente,Loja,Vigente
POL00443,A00293,Generales,2024-01-09,2025-01-08,997.22,15000,150.0,Digital,Machala,Vigente
POL00444,A00293,Vehículos,2024-05-07,2025-05-07,698.75,12000,120.0,Bróker,Machala,Vigente
POL00445,A00294,Hogar,2024-01-24,2025-01-23,1465.56,30000,300.0,Call Center,Loja,Vigente
POL00446,A00295,Vehículos,2024-01-08,2025-01-07,1122.89,15000,150.0,Agente,Loja,Vigente
POL00447,A00296,Vehículos,2024-12-03,2025-12-03,696.47,15000,150.0,Sucursal,Cuenca,Vigente
POL00448,A00296,Vida,2024-06-21,2025-06-21,1197.51,15000,150.0,Bróker,Cuenca,Vigente
POL00449,A00297,Vehículos,2024-09-06,2025-09-06,1584.47,30000,300.0,Agente,Portoviejo,Vigente
POL00450,A00297,Generales,2024-09-25,2025-09-25,560.1,8000,80.0,Digital,Portoviejo,Vigente
POL00451,A00298,Salud,2024-09-28,2025-09-28,584.68,12000,120.0,Agente,Cuenca,Vigente
POL00452,A00299,Salud,2024-11-12,2025-11-12,865.94,12000,120.0,Bróker,Ambato,Vigente
POL00453,A00300,Generales,2024-05-22,2025-05-22,623.62,8000,80.0,Sucursal,Cuenca,Vigente
POL00454,A00300,Vehículos,2024-09-24,2025-09-24,1493.74,20000,200.0,Sucursal,Cuenca,Vigente
POL00455,A00301,Salud,2024-06-16,2025-06-16,494.7,8000,80.0,Call Center,Riobamba,Vigente
POL00456,A00302,Salud,2024-11-17,2025-11-17,1606.66,30000,300.0,Sucursal,Cuenca,Vigente
POL00457,A00302,Vehículos,2024-03-04,2025-03-04,2014.37,30000,300.0,Sucursal,Cuenca,Vigente
POL00458,A00303,Vehículos,2024-12-31,2025-12-31,842.74,20000,200.0,Sucursal,Manta,Vigente
POL00459,A00304,Vida,2024-05-09,2025-05-09,1063.78,15000,150.0,Digital,Manta,Vigente
POL00460,A00305,Hogar,2024-05-07,2025-05-07,784.51,15000,150.0,Agente,Machala,Vigente
POL00461,A00305,Vehículos,2024-12-23,2025-12-23,2157.93,50000,500.0,Bróker,Machala,Vigente
POL00462,A00306,Vehículos,2024-10-24,2025-10-24,1131.62,15000,150.0,Call Center,Riobamba,Vigente
POL00463,A00307,Vehículos,2024-04-20,2025-04-20,367.45,12000,120.0,Bróker,Riobamba,Vigente
POL00464,A00308,Vehículos,2024-10-21,2025-10-21,424.1,8000,80.0,Sucursal,Machala,Vigente
POL00465,A00309,Vida,2024-07-02,2025-07-02,1079.53,30000,300.0,Agente,Quito,Vigente
POL00466,A00310,Salud,2024-03-23,2025-03-23,1986.55,50000,500.0,Call Center,Portoviejo,Vigente
POL00467,A00311,Generales,2024-01-16,2025-01-15,3822.07,50000,500.0,Agente,Santo Domingo,Vigente
POL00468,A00312,Vehículos,2024-07-25,2025-07-25,1951.39,30000,300.0,Sucursal,Machala,Vigente
POL00469,A00312,Hogar,2024-09-27,2025-09-27,241.86,8000,80.0,Sucursal,Machala,Vigente
POL00470,A00313,Vehículos,2024-10-17,2025-10-17,1462.25,30000,300.0,Agente,Machala,Vigente
POL00471,A00313,Salud,2024-07-18,2025-07-18,1544.01,20000,200.0,Call Center,Machala,Vigente
POL00472,A00314,Vehículos,2024-07-06,2025-07-06,503.67,12000,120.0,Sucursal,Guayaquil,Vigente
POL00473,A00315,Vida,2024-12-23,2025-12-23,451.02,8000,80.0,Agente,Manta,Vigente
POL00474,A00315,Vehículos,2024-02-15,2025-02-14,1119.07,15000,150.0,Call Center,Manta,Vigente
POL00475,A00316,Hogar,2024-01-03,2025-01-02,755.76,12000,120.0,Digital,Riobamba,Vigente
POL00476,A00317,Hogar,2024-04-26,2025-04-26,1138.19,15000,150.0,Sucursal,Loja,Vigente
POL00477,A00318,Vehículos,2024-11-02,2025-11-02,733.06,12000,120.0,Digital,Machala,Vigente
POL00478,A00319,Vehículos,2024-05-26,2025-05-26,1091.63,15000,150.0,Digital,Portoviejo,Vigente
POL00479,A00319,Vehículos,2024-03-19,2025-03-19,1094.62,15000,150.0,Digital,Portoviejo,Vigente
POL00480,A00320,Hogar,2024-12-16,2025-12-16,363.54,12000,120.0,Agente,Cuenca,Vigente
POL00481,A00321,Generales,2024-10-17,2025-10-17,582.8,8000,80.0,Agente,Ambato,Vigente
POL00482,A00322,Vehículos,2024-08-31,2025-08-31,1867.19,30000,300.0,Digital,Guayaquil,Vigente
POL00483,A00323,Generales,2024-08-23,2025-08-23,2630.78,50000,500.0,Sucursal,Machala,Vigente
POL00484,A00323,Vehículos,2024-06-21,2025-06-21,949.03,15000,150.0,Bróker,Machala,Vigente
POL00485,A00324,Salud,2024-10-21,2025-10-21,450.41,12000,120.0,Digital,Cuenca,Vigente
POL00486,A00325,Vehículos,2024-03-07,2025-03-07,916.21,20000,200.0,Call Center,Santo Domingo,Vigente
POL00487,A00325,Hogar,2024-07-28,2025-07-28,697.0,12000,120.0,Sucursal,Santo Domingo,Vigente
POL00488,A00326,Salud,2024-05-07,2025-05-07,505.55,8000,80.0,Bróker,Santo Domingo,Vigente
POL00489,A00326,Hogar,2024-02-19,2025-02-18,294.24,8000,80.0,Sucursal,Santo Domingo,Vigente
POL00490,A00327,Vehículos,2024-03-28,2025-03-28,474.47,8000,80.0,Digital,Portoviejo,Vigente
POL00491,A00327,Hogar,2024-01-13,2025-01-12,918.57,20000,200.0,Bróker,Portoviejo,Vigente
POL00492,A00328,Salud,2024-12-24,2025-12-24,647.34,15000,150.0,Sucursal,Machala,Vigente
POL00493,A00329,Vehículos,2024-12-02,2025-12-02,1259.41,20000,200.0,Digital,Manta,Vigente
POL00494,A00329,Generales,2024-01-12,2025-01-11,843.74,12000,120.0,Agente,Manta,Vigente
POL00495,A00330,Vehículos,2024-07-10,2025-07-10,301.6,8000,80.0,Bróker,Cuenca,Vigente
POL00496,A00331,Vida,2024-10-30,2025-10-30,417.01,8000,80.0,Call Center,Santo Domingo,Vigente
POL00497,A00331,Vehículos,2024-03-31,2025-03-31,517.96,12000,120.0,Call Center,Santo Domingo,Vigente
POL00498,A00332,Vehículos,2024-12-11,2025-12-11,367.36,8000,80.0,Digital,Manta,Vigente
POL00499,A00332,Vehículos,2024-11-19,2025-11-19,599.65,12000,120.0,Agente,Manta,Vigente
POL00500,A00333,Hogar,2024-12-27,2025-12-27,1207.82,20000,200.0,Bróker,Portoviejo,Vigente
POL00501,A00334,Salud,2024-09-10,2025-09-10,609.81,12000,120.0,Agente,Santo Domingo,Vigente
POL00502,A00335,Salud,2024-06-22,2025-06-22,2276.53,50000,500.0,Call Center,Loja,Vigente
POL00503,A00335,Vehículos,2024-03-03,2025-03-03,1094.14,30000,300.0,Digital,Loja,Vigente
POL00504,A00336,Vida,2024-11-15,2025-11-15,510.98,15000,150.0,Sucursal,Guayaquil,Vigente
POL00505,A00336,Vehículos,2024-05-16,2025-05-16,419.79,8000,80.0,Bróker,Guayaquil,Vigente
POL00506,A00337,Vehículos,2024-11-29,2025-11-29,3405.93,50000,500.0,Agente,Guayaquil,Vigente
POL00507,A00337,Vehículos,2024-01-18,2025-01-17,2207.27,50000,500.0,Call Center,Guayaquil,Vigente
POL00508,A00338,Vehículos,2024-01-29,2025-01-28,3208.8,50000,500.0,Agente,Quito,Vigente
POL00509,A00338,Vehículos,2024-07-07,2025-07-07,2247.87,30000,300.0,Bróker,Quito,Vigente
POL00510,A00339,Generales,2024-12-11,2025-12-11,891.99,12000,120.0,Digital,Santo Domingo,Vigente
POL00511,A00339,Vehículos,2024-01-28,2025-01-27,3065.29,50000,500.0,Call Center,Santo Domingo,Vigente
POL00512,A00340,Vehículos,2024-11-26,2025-11-26,942.56,12000,120.0,Digital,Manta,Vigente
POL00513,A00341,Vehículos,2024-08-26,2025-08-26,775.02,20000,200.0,Agente,Guayaquil,Vigente
POL00514,A00342,Salud,2024-07-09,2025-07-09,1583.51,20000,200.0,Digital,Quito,Vigente
POL00515,A00343,Generales,2024-09-10,2025-09-10,2855.67,50000,500.0,Digital,Guayaquil,Vigente
POL00516,A00344,Vehículos,2024-05-09,2025-05-09,559.68,12000,120.0,Digital,Portoviejo,Vigente
POL00517,A00344,Vehículos,2024-07-27,2025-07-27,3378.91,50000,500.0,Agente,Portoviejo,Vigente
POL00518,A00345,Vehículos,2024-11-01,2025-11-01,707.38,15000,150.0,Digital,Loja,Vigente
POL00519,A00345,Vehículos,2024-11-05,2025-11-05,634.34,20000,200.0,Digital,Loja,Vigente
POL00520,A00346,Vehículos,2024-07-17,2025-07-17,3517.01,50000,500.0,Bróker,Cuenca,Vigente
POL00521,A00346,Vehículos,2024-07-24,2025-07-24,2278.91,30000,300.0,Bróker,Cuenca,Vigente
POL00522,A00347,Generales,2024-04-06,2025-04-06,2686.9,50000,500.0,Sucursal,Guayaquil,Vigente
POL00523,A00347,Vehículos,2024-03-29,2025-03-29,1153.03,20000,200.0,Call Center,Guayaquil,Vigente
POL00524,A00348,Vehículos,2024-09-23,2025-09-23,822.85,15000,150.0,Agente,Loja,Vigente
POL00525,A00349,Vehículos,2024-06-14,2025-06-14,699.61,12000,120.0,Digital,Machala,Vigente
POL00526,A00350,Salud,2024-05-09,2025-05-09,626.61,8000,80.0,Call Center,Machala,Vigente
POL00527,A00350,Hogar,2024-01-02,2025-01-01,315.57,8000,80.0,Digital,Machala,Vigente
POL00528,A00351,Vehículos,2024-10-08,2025-10-08,2131.74,30000,300.0,Call Center,Cuenca,Vigente
POL00529,A00351,Vehículos,2024-04-28,2025-04-28,730.99,12000,120.0,Call Center,Cuenca,Vigente
POL00530,A00352,Vehículos,2024-04-28,2025-04-28,578.91,8000,80.0,Sucursal,Cuenca,Vigente
POL00531,A00352,Vehículos,2024-04-28,2025-04-28,1200.44,20000,200.0,Sucursal,Cuenca,Vigente
POL00532,A00353,Vehículos,2024-03-22,2025-03-22,486.18,8000,80.0,Call Center,Cuenca,Vigente
POL00533,A00354,Salud,2024-08-24,2025-08-24,2041.29,30000,300.0,Bróker,Ambato,Vigente
POL00534,A00355,Salud,2024-04-05,2025-04-05,832.15,12000,120.0,Digital,Manta,Vigente
POL00535,A00356,Vida,2024-09-19,2025-09-19,440.37,8000,80.0,Agente,Manta,Vigente
POL00536,A00357,Vehículos,2024-01-25,2025-01-24,755.91,20000,200.0,Bróker,Quito,Vigente
POL00537,A00357,Vehículos,2024-02-07,2025-02-06,2392.07,30000,300.0,Digital,Quito,Vigente
POL00538,A00358,Hogar,2024-05-05,2025-05-05,898.22,12000,120.0,Agente,Machala,Vigente
POL00539,A00358,Vehículos,2024-01-28,2025-01-27,798.82,15000,150.0,Sucursal,Machala,Vigente
POL00540,A00359,Vehículos,2024-09-21,2025-09-21,1084.95,30000,300.0,Sucursal,Machala,Vigente
POL00541,A00359,Vehículos,2024-02-03,2025-02-02,875.3,12000,120.0,Digital,Machala,Vigente
POL00542,A00360,Salud,2024-04-22,2025-04-22,638.61,12000,120.0,Bróker,Portoviejo,Vigente
POL00543,A00361,Salud,2024-09-15,2025-09-15,759.48,15000,150.0,Sucursal,Loja,Vigente
POL00544,A00362,Salud,2024-06-02,2025-06-02,337.0,8000,80.0,Call Center,Machala,Vigente
POL00545,A00362,Vehículos,2024-12-05,2025-12-05,549.99,8000,80.0,Agente,Machala,Vigente
POL00546,A00363,Vehículos,2024-02-17,2025-02-16,3119.92,50000,500.0,Agente,Manta,Vigente
POL00547,A00363,Vida,2024-09-20,2025-09-20,438.57,8000,80.0,Bróker,Manta,Vigente
POL00548,A00364,Vehículos,2024-06-22,2025-06-22,1907.02,50000,500.0,Sucursal,Machala,Vigente
POL00549,A00364,Hogar,2024-12-08,2025-12-08,2880.3,50000,500.0,Call Center,Machala,Vigente
POL00550,A00365,Hogar,2024-04-17,2025-04-17,1256.18,20000,200.0,Digital,Manta,Vigente
POL00551,A00365,Vehículos,2024-04-08,2025-04-08,499.54,15000,150.0,Agente,Manta,Vigente
POL00552,A00366,Salud,2024-12-30,2025-12-30,1050.16,15000,150.0,Digital,Machala,Vigente
POL00553,A00367,Vehículos,2024-09-04,2025-09-04,1202.57,30000,300.0,Bróker,Riobamba,Vigente
POL00554,A00367,Vehículos,2024-04-27,2025-04-27,328.72,8000,80.0,Sucursal,Riobamba,Vigente
POL00555,A00368,Salud,2024-07-31,2025-07-31,903.57,12000,120.0,Bróker,Guayaquil,Vigente
POL00556,A00368,Vida,2024-07-04,2025-07-04,546.04,8000,80.0,Digital,Guayaquil,Vigente
POL00557,A00369,Hogar,2024-12-20,2025-12-20,1858.53,30000,300.0,Agente,Riobamba,Vigente
POL00558,A00369,Hogar,2024-03-03,2025-03-03,621.43,8000,80.0,Agente,Riobamba,Vigente
POL00559,A00370,Hogar,2024-02-28,2025-02-27,937.53,20000,200.0,Call Center,Machala,Vigente
POL00560,A00370,Vida,2024-09-30,2025-09-30,1110.78,20000,200.0,Sucursal,Machala,Vigente
POL00561,A00371,Vida,2024-07-01,2025-07-01,381.3,8000,80.0,Sucursal,Portoviejo,Vigente
POL00562,A00371,Generales,2024-10-06,2025-10-06,993.99,15000,150.0,Call Center,Portoviejo,Vigente
POL00563,A00372,Hogar,2024-03-24,2025-03-24,565.26,12000,120.0,Call Center,Ambato,Vigente
POL00564,A00373,Vehículos,2024-11-19,2025-11-19,472.34,15000,150.0,Sucursal,Portoviejo,Vigente
POL00565,A00374,Salud,2024-08-30,2025-08-30,1153.59,20000,200.0,Call Center,Manta,Vigente
POL00566,A00375,Vehículos,2024-01-17,2025-01-16,2292.67,50000,500.0,Digital,Santo Domingo,Vigente
POL00567,A00375,Vida,2024-06-11,2025-06-11,313.05,8000,80.0,Bróker,Santo Domingo,Vigente
POL00568,A00376,Vehículos,2024-05-21,2025-05-21,1081.1,15000,150.0,Call Center,Santo Domingo,Vigente
POL00569,A00377,Salud,2024-10-18,2025-10-18,3666.73,50000,500.0,Agente,Machala,Vigente
POL00570,A00378,Vehículos,2024-12-28,2025-12-28,461.62,12000,120.0,Call Center,Manta,Vigente
POL00571,A00378,Vehículos,2024-11-24,2025-11-24,1079.97,30000,300.0,Bróker,Manta,Vigente
POL00572,A00379,Vehículos,2024-12-06,2025-12-06,2106.92,50000,500.0,Sucursal,Guayaquil,Vigente
POL00573,A00379,Vehículos,2024-09-02,2025-09-02,622.88,12000,120.0,Bróker,Guayaquil,Vigente
POL00574,A00380,Vehículos,2024-02-25,2025-02-24,2265.85,50000,500.0,Sucursal,Quito,Vigente
POL00575,A00380,Hogar,2024-02-07,2025-02-06,512.38,8000,80.0,Call Center,Quito,Vigente
POL00576,A00381,Vida,2024-04-23,2025-04-23,2036.33,50000,500.0,Digital,Santo Domingo,Vigente
POL00577,A00381,Vehículos,2024-05-11,2025-05-11,607.28,8000,80.0,Sucursal,Santo Domingo,Vigente
POL00578,A00382,Vehículos,2024-02-19,2025-02-18,2929.26,50000,500.0,Digital,Guayaquil,Vigente
POL00579,A00383,Salud,2024-08-03,2025-08-03,273.93,8000,80.0,Bróker,Loja,Vigente
POL00580,A00384,Vehículos,2024-07-31,2025-07-31,413.85,8000,80.0,Bróker,Guayaquil,Vigente
POL00581,A00385,Salud,2024-04-28,2025-04-28,504.29,12000,120.0,Agente,Cuenca,Vigente
POL00582,A00386,Vehículos,2024-10-09,2025-10-09,375.64,8000,80.0,Call Center,Portoviejo,Vigente
POL00583,A00387,Vehículos,2024-04-07,2025-04-07,1553.09,20000,200.0,Agente,Manta,Vigente
POL00584,A00388,Vehículos,2024-01-23,2025-01-22,973.28,30000,300.0,Digital,Machala,Vigente
POL00585,A00388,Salud,2024-11-10,2025-11-10,1590.04,30000,300.0,Digital,Machala,Vigente
POL00586,A00389,Vida,2024-11-21,2025-11-21,1177.15,30000,300.0,Agente,Ambato,Vigente
POL00587,A00390,Vehículos,2024-01-25,2025-01-24,586.1,8000,80.0,Digital,Manta,Vigente
POL00588,A00391,Vehículos,2024-06-07,2025-06-07,511.63,15000,150.0,Agente,Riobamba,Vigente
POL00589,A00391,Salud,2024-09-22,2025-09-22,858.25,12000,120.0,Digital,Riobamba,Vigente
POL00590,A00392,Vida,2024-03-09,2025-03-09,1210.1,20000,200.0,Agente,Riobamba,Vigente
POL00591,A00392,Salud,2024-06-23,2025-06-23,355.88,8000,80.0,Agente,Riobamba,Vigente
POL00592,A00393,Vehículos,2024-04-20,2025-04-20,941.84,12000,120.0,Digital,Riobamba,Vigente
POL00593,A00393,Vida,2024-06-16,2025-06-16,695.31,20000,200.0,Call Center,Riobamba,Vigente
POL00594,A00394,Vida,2024-09-25,2025-09-25,244.27,8000,80.0,Bróker,Riobamba,Vigente
POL00595,A00394,Vehículos,2024-01-14,2025-01-13,474.44,8000,80.0,Digital,Riobamba,Vigente
POL00596,A00395,Vehículos,2024-01-14,2025-01-13,1108.94,30000,300.0,Sucursal,Manta,Vigente
POL00597,A00395,Salud,2024-02-29,2025-02-28,1821.97,50000,500.0,Agente,Manta,Vigente
POL00598,A00396,Hogar,2024-01-29,2025-01-28,2227.41,30000,300.0,Digital,Santo Domingo,Vigente
POL00599,A00397,Vehículos,2024-11-07,2025-11-07,567.27,8000,80.0,Agente,Loja,Vigente
POL00600,A00397,Vehículos,2024-06-01,2025-06-01,646.13,12000,120.0,Call Center,Loja,Vigente
POL00601,A00398,Salud,2024-10-18,2025-10-18,448.16,12000,120.0,Call Center,Riobamba,Vigente
POL00602,A00398,Vehículos,2024-01-11,2025-01-10,2231.01,30000,300.0,Call Center,Riobamba,Vigente
POL00603,A00399,Hogar,2024-12-05,2025-12-05,632.64,8000,80.0,Call Center,Loja,Vigente
POL00604,A00399,Salud,2024-06-23,2025-06-23,459.7,8000,80.0,Bróker,Loja,Vigente
POL00605,A00400,Salud,2024-07-02,2025-07-02,1914.83,30000,300.0,Sucursal,Machala,Vigente
POL00606,A00400,Salud,2024-02-17,2025-02-16,1473.65,30000,300.0,Sucursal,Machala,Vigente
POL00607,A00401,Vehículos,2024-02-07,2025-02-06,368.96,12000,120.0,Sucursal,Santo Domingo,Vigente
POL00608,A00401,Vehículos,2024-04-13,2025-04-13,272.49,8000,80.0,Bróker,Santo Domingo,Vigente
POL00609,A00402,Vehículos,2024-08-17,2025-08-17,795.61,12000,120.0,Sucursal,Manta,Vigente
POL00610,A00403,Vehículos,2024-04-14,2025-04-14,766.82,12000,120.0,Agente,Machala,Vigente
POL00611,A00404,Vehículos,2024-01-28,2025-01-27,631.04,12000,120.0,Digital,Santo Domingo,Vigente
POL00612,A00404,Salud,2024-06-12,2025-06-12,629.16,20000,200.0,Bróker,Santo Domingo,Vigente
POL00613,A00405,Hogar,2024-01-12,2025-01-11,1385.61,20000,200.0,Call Center,Santo Domingo,Vigente
POL00614,A00405,Salud,2024-11-21,2025-11-21,1002.78,20000,200.0,Agente,Santo Domingo,Vigente
POL00615,A00406,Vehículos,2024-02-01,2025-01-31,1460.9,20000,200.0,Sucursal,Ambato,Vigente
POL00616,A00406,Vehículos,2024-08-21,2025-08-21,2332.34,30000,300.0,Call Center,Ambato,Vigente
POL00617,A00407,Generales,2024-07-24,2025-07-24,990.5,20000,200.0,Bróker,Quito,Vigente
POL00618,A00408,Vehículos,2024-11-11,2025-11-11,874.9,20000,200.0,Agente,Manta,Vigente
POL00619,A00409,Vehículos,2024-03-04,2025-03-04,527.76,12000,120.0,Call Center,Cuenca,Vigente
POL00620,A00410,Vehículos,2024-10-21,2025-10-21,602.19,12000,120.0,Call Center,Quito,Vigente
POL00621,A00410,Vehículos,2024-01-25,2025-01-24,672.93,12000,120.0,Digital,Quito,Vigente
POL00622,A00411,Vehículos,2024-02-14,2025-02-13,550.53,8000,80.0,Bróker,Machala,Vigente
POL00623,A00412,Salud,2024-12-08,2025-12-08,856.01,15000,150.0,Digital,Portoviejo,Vigente
POL00624,A00412,Vida,2024-08-04,2025-08-04,1047.45,15000,150.0,Digital,Portoviejo,Vigente
POL00625,A00413,Vehículos,2024-03-06,2025-03-06,1168.5,15000,150.0,Agente,Cuenca,Vigente
POL00626,A00413,Vehículos,2024-09-23,2025-09-23,1825.36,30000,300.0,Sucursal,Cuenca,Vigente
POL00627,A00414,Vida,2024-02-16,2025-02-15,1267.12,30000,300.0,Digital,Portoviejo,Vigente
POL00628,A00414,Vehículos,2024-04-14,2025-04-14,2881.86,50000,500.0,Digital,Portoviejo,Vigente
POL00629,A00415,Vida,2024-03-02,2025-03-02,2671.93,50000,500.0,Agente,Portoviejo,Vigente
POL00630,A00416,Salud,2024-04-11,2025-04-11,1387.21,20000,200.0,Bróker,Machala,Vigente
POL00631,A00416,Hogar,2024-12-01,2025-12-01,2349.93,30000,300.0,Agente,Machala,Vigente
POL00632,A00417,Vehículos,2024-03-20,2025-03-20,2332.79,30000,300.0,Call Center,Riobamba,Vigente
POL00633,A00417,Generales,2024-10-22,2025-10-22,1211.21,20000,200.0,Agente,Riobamba,Vigente
POL00634,A00418,Generales,2024-11-05,2025-11-05,1558.19,30000,300.0,Bróker,Cuenca,Vigente
POL00635,A00419,Vehículos,2024-03-23,2025-03-23,372.44,8000,80.0,Call Center,Portoviejo,Vigente
POL00636,A00420,Vehículos,2024-09-30,2025-09-30,1524.3,20000,200.0,Agente,Santo Domingo,Vigente
POL00637,A00421,Salud,2024-09-12,2025-09-12,483.48,8000,80.0,Agente,Loja,Vigente
POL00638,A00422,Vehículos,2024-11-20,2025-11-20,799.05,12000,120.0,Agente,Riobamba,Vigente
POL00639,A00423,Vehículos,2024-01-07,2025-01-06,1947.09,50000,500.0,Digital,Quito,Vigente
POL00640,A00423,Vehículos,2024-08-20,2025-08-20,296.75,8000,80.0,Bróker,Quito,Vigente
POL00641,A00424,Vehículos,2024-03-07,2025-03-07,876.01,12000,120.0,Call Center,Cuenca,Vigente
POL00642,A00425,Vehículos,2024-01-02,2025-01-01,257.65,8000,80.0,Agente,Ambato,Vigente
POL00643,A00425,Vehículos,2024-08-19,2025-08-19,338.6,8000,80.0,Sucursal,Ambato,Vigente
POL00644,A00426,Vehículos,2024-08-13,2025-08-13,1078.75,15000,150.0,Sucursal,Cuenca,Vigente
POL00645,A00426,Vida,2024-10-09,2025-10-09,568.22,8000,80.0,Call Center,Cuenca,Vigente
POL00646,A00427,Salud,2024-06-10,2025-06-10,760.63,12000,120.0,Agente,Quito,Vigente
POL00647,A00427,Vehículos,2024-03-29,2025-03-29,342.21,8000,80.0,Call Center,Quito,Vigente
POL00648,A00428,Vehículos,2024-12-18,2025-12-18,1904.6,30000,300.0,Call Center,Santo Domingo,Vigente
POL00649,A00429,Vehículos,2024-08-15,2025-08-15,532.38,8000,80.0,Call Center,Santo Domingo,Vigente
POL00650,A00430,Vehículos,2024-07-25,2025-07-25,545.84,8000,80.0,Agente,Manta,Vigente
POL00651,A00431,Vehículos,2024-08-23,2025-08-23,2096.8,30000,300.0,Sucursal,Manta,Vigente
POL00652,A00431,Hogar,2024-04-23,2025-04-23,850.97,15000,150.0,Call Center,Manta,Vigente
POL00653,A00432,Salud,2024-08-11,2025-08-11,951.01,12000,120.0,Sucursal,Manta,Vigente
POL00654,A00433,Vehículos,2024-09-26,2025-09-26,1201.94,20000,200.0,Agente,Machala,Vigente
POL00655,A00433,Vehículos,2024-05-22,2025-05-22,821.69,15000,150.0,Digital,Machala,Vigente
POL00656,A00434,Hogar,2024-11-16,2025-11-16,1547.18,20000,200.0,Call Center,Riobamba,Vigente
POL00657,A00435,Salud,2024-10-02,2025-10-02,2107.15,30000,300.0,Bróker,Machala,Vigente
POL00658,A00435,Salud,2024-10-24,2025-10-24,1296.48,20000,200.0,Call Center,Machala,Vigente
POL00659,A00436,Vehículos,2024-09-16,2025-09-16,1167.22,20000,200.0,Agente,Guayaquil,Vigente
POL00660,A00436,Salud,2024-06-16,2025-06-16,899.62,15000,150.0,Sucursal,Guayaquil,Vigente
POL00661,A00437,Vehículos,2024-01-13,2025-01-12,1884.1,30000,300.0,Call Center,Santo Domingo,Vigente
POL00662,A00437,Vehículos,2024-04-23,2025-04-23,828.76,12000,120.0,Call Center,Santo Domingo,Vigente
POL00663,A00438,Vehículos,2024-03-09,2025-03-09,909.95,15000,150.0,Sucursal,Portoviejo,Vigente
POL00664,A00438,Generales,2024-02-08,2025-02-07,798.27,12000,120.0,Bróker,Portoviejo,Vigente
POL00665,A00439,Vehículos,2024-05-08,2025-05-08,801.25,12000,120.0,Sucursal,Riobamba,Vigente
POL00666,A00440,Vehículos,2024-04-09,2025-04-09,920.79,12000,120.0,Sucursal,Portoviejo,Vigente
POL00667,A00441,Vehículos,2024-10-06,2025-10-06,2144.62,30000,300.0,Digital,Loja,Vigente
POL00668,A00442,Vehículos,2024-10-09,2025-10-09,246.23,8000,80.0,Digital,Quito,Vigente
POL00669,A00443,Generales,2024-11-28,2025-11-28,715.44,12000,120.0,Bróker,Santo Domingo,Vigente
POL00670,A00444,Vehículos,2024-02-22,2025-02-21,945.47,12000,120.0,Call Center,Manta,Vigente
POL00671,A00445,Salud,2024-05-31,2025-05-31,583.6,12000,120.0,Agente,Portoviejo,Vigente
POL00672,A00446,Vehículos,2024-04-30,2025-04-30,1334.04,30000,300.0,Digital,Quito,Vigente
POL00673,A00446,Vehículos,2024-08-09,2025-08-09,2474.84,50000,500.0,Digital,Quito,Vigente
POL00674,A00447,Salud,2024-10-03,2025-10-03,1158.03,20000,200.0,Call Center,Quito,Vigente
POL00675,A00448,Vehículos,2024-12-15,2025-12-15,3102.1,50000,500.0,Call Center,Machala,Vigente
POL00676,A00449,Hogar,2024-03-01,2025-03-01,1086.66,20000,200.0,Digital,Cuenca,Vigente
POL00677,A00449,Vida,2024-12-09,2025-12-09,1844.92,50000,500.0,Digital,Cuenca,Vigente
POL00678,A00450,Salud,2024-02-08,2025-02-07,456.72,8000,80.0,Call Center,Guayaquil,Vigente
POL00679,A00450,Vehículos,2024-02-17,2025-02-16,1969.16,30000,300.0,Sucursal,Guayaquil,Vigente
POL00680,A00451,Hogar,2024-01-26,2025-01-25,492.85,8000,80.0,Bróker,Cuenca,Vigente
POL00681,A00452,Vehículos,2024-01-28,2025-01-27,771.68,20000,200.0,Bróker,Cuenca,Vigente
POL00682,A00452,Vehículos,2024-01-01,2024-12-31,1167.0,30000,300.0,Sucursal,Cuenca,Vigente
POL00683,A00453,Vehículos,2024-10-11,2025-10-11,1220.01,30000,300.0,Sucursal,Guayaquil,Vigente
POL00684,A00453,Salud,2024-05-03,2025-05-03,1103.52,15000,150.0,Bróker,Guayaquil,Vigente
POL00685,A00454,Salud,2024-07-26,2025-07-26,1184.26,15000,150.0,Sucursal,Santo Domingo,Vigente
POL00686,A00454,Vehículos,2024-08-07,2025-08-07,793.76,20000,200.0,Call Center,Santo Domingo,Vigente
POL00687,A00455,Vida,2024-01-05,2025-01-04,951.02,30000,300.0,Digital,Loja,Vigente
POL00688,A00456,Vehículos,2024-09-09,2025-09-09,3249.59,50000,500.0,Agente,Manta,Vigente
POL00689,A00456,Vida,2024-10-16,2025-10-16,1103.94,15000,150.0,Agente,Manta,Vigente
POL00690,A00457,Vehículos,2024-08-01,2025-08-01,3797.43,50000,500.0,Agente,Machala,Vigente
POL00691,A00458,Vehículos,2024-06-27,2025-06-27,922.61,12000,120.0,Bróker,Santo Domingo,Vigente
POL00692,A00459,Vida,2024-09-01,2025-09-01,483.07,15000,150.0,Bróker,Guayaquil,Vigente
POL00693,A00459,Hogar,2024-09-13,2025-09-13,970.79,15000,150.0,Bróker,Guayaquil,Vigente
POL00694,A00460,Salud,2024-10-18,2025-10-18,680.07,15000,150.0,Digital,Ambato,Vigente
POL00695,A00461,Vehículos,2024-07-20,2025-07-20,1058.48,20000,200.0,Bróker,Riobamba,Vigente
POL00696,A00462,Salud,2024-08-03,2025-08-03,1615.99,50000,500.0,Bróker,Portoviejo,Vigente
POL00697,A00463,Salud,2024-10-03,2025-10-03,2270.29,30000,300.0,Call Center,Portoviejo,Vigente
POL00698,A00464,Vehículos,2024-03-18,2025-03-18,275.35,8000,80.0,Sucursal,Riobamba,Vigente
POL00699,A00464,Generales,2024-12-21,2025-12-21,1089.12,30000,300.0,Sucursal,Riobamba,Vigente
POL00700,A00465,Vehículos,2024-06-25,2025-06-25,495.39,12000,120.0,Call Center,Riobamba,Vigente
POL00701,A00466,Salud,2024-12-24,2025-12-24,2187.12,30000,300.0,Agente,Portoviejo,Vigente
POL00702,A00466,Salud,2024-07-11,2025-07-11,2313.91,30000,300.0,Call Center,Portoviejo,Vigente
POL00703,A00467,Generales,2024-09-17,2025-09-17,698.77,15000,150.0,Digital,Guayaquil,Vigente
POL00704,A00467,Generales,2024-12-02,2025-12-02,638.17,8000,80.0,Bróker,Guayaquil,Vigente
POL00705,A00468,Vida,2024-09-01,2025-09-01,360.73,12000,120.0,Bróker,Cuenca,Vigente
POL00706,A00469,Salud,2024-10-01,2025-10-01,735.16,12000,120.0,Bróker,Portoviejo,Vigente
POL00707,A00470,Salud,2024-03-20,2025-03-20,340.78,8000,80.0,Digital,Manta,Vigente
POL00708,A00471,Vehículos,2024-05-22,2025-05-22,2028.56,50000,500.0,Bróker,Quito,Vigente
POL00709,A00471,Vehículos,2024-04-10,2025-04-10,512.87,8000,80.0,Agente,Quito,Vigente
POL00710,A00472,Vehículos,2024-02-11,2025-02-10,923.33,12000,120.0,Sucursal,Guayaquil,Vigente
POL00711,A00473,Salud,2024-06-25,2025-06-25,360.92,8000,80.0,Call Center,Cuenca,Vigente
POL00712,A00474,Vehículos,2024-04-07,2025-04-07,867.91,12000,120.0,Sucursal,Santo Domingo,Vigente
POL00713,A00474,Vida,2024-05-24,2025-05-24,1574.11,20000,200.0,Bróker,Santo Domingo,Vigente
POL00714,A00475,Salud,2024-07-05,2025-07-05,1253.78,30000,300.0,Bróker,Machala,Vigente
POL00715,A00475,Vehículos,2024-04-13,2025-04-13,563.57,8000,80.0,Bróker,Machala,Vigente
POL00716,A00476,Hogar,2024-03-05,2025-03-05,310.83,8000,80.0,Digital,Portoviejo,Vigente
POL00717,A00477,Vehículos,2024-12-23,2025-12-23,469.07,8000,80.0,Call Center,Manta,Vigente
POL00718,A00477,Vida,2024-03-21,2025-03-21,1416.58,20000,200.0,Digital,Manta,Vigente
POL00719,A00478,Generales,2024-04-19,2025-04-19,3523.98,50000,500.0,Sucursal,Ambato,Vigente
POL00720,A00478,Salud,2024-04-22,2025-04-22,3425.8,50000,500.0,Bróker,Ambato,Vigente
POL00721,A00479,Hogar,2024-12-14,2025-12-14,252.0,8000,80.0,Agente,Manta,Vigente
POL00722,A00480,Hogar,2024-07-01,2025-07-01,445.25,12000,120.0,Agente,Riobamba,Vigente
POL00723,A00480,Vehículos,2024-10-08,2025-10-08,692.38,20000,200.0,Call Center,Riobamba,Vigente
POL00724,A00481,Vehículos,2024-05-22,2025-05-22,498.28,8000,80.0,Agente,Guayaquil,Vigente
POL00725,A00481,Hogar,2024-04-11,2025-04-11,319.25,8000,80.0,Call Center,Guayaquil,Vigente
POL00726,A00482,Vehículos,2024-03-19,2025-03-19,2063.35,30000,300.0,Bróker,Ambato,Vigente
POL00727,A00482,Hogar,2024-08-28,2025-08-28,691.64,20000,200.0,Agente,Ambato,Vigente
POL00728,A00483,Vehículos,2024-04-05,2025-04-05,1207.13,20000,200.0,Agente,Portoviejo,Vigente
POL00729,A00483,Hogar,2024-12-30,2025-12-30,925.33,30000,300.0,Agente,Portoviejo,Vigente
POL00730,A00484,Vehículos,2024-03-19,2025-03-19,870.16,15000,150.0,Call Center,Ambato,Vigente
POL00731,A00484,Hogar,2024-03-03,2025-03-03,2904.21,50000,500.0,Bróker,Ambato,Vigente
POL00732,A00485,Generales,2024-02-06,2025-02-05,824.86,12000,120.0,Bróker,Ambato,Vigente
POL00733,A00486,Salud,2024-09-17,2025-09-17,947.98,15000,150.0,Bróker,Loja,Vigente
POL00734,A00486,Salud,2024-08-30,2025-08-30,2413.44,50000,500.0,Agente,Loja,Vigente
POL00735,A00487,Vida,2024-08-31,2025-08-31,384.61,8000,80.0,Digital,Loja,Vigente
POL00736,A00487,Salud,2024-03-30,2025-03-30,3149.22,50000,500.0,Digital,Loja,Vigente
POL00737,A00488,Vehículos,2024-05-17,2025-05-17,271.0,8000,80.0,Digital,Loja,Vigente
POL00738,A00489,Hogar,2024-11-13,2025-11-13,1062.76,20000,200.0,Call Center,Cuenca,Vigente
POL00739,A00489,Salud,2024-07-26,2025-07-26,466.56,8000,80.0,Call Center,Cuenca,Vigente
POL00740,A00490,Vehículos,2024-03-25,2025-03-25,1090.55,20000,200.0,Sucursal,Ambato,Vigente
POL00741,A00490,Vehículos,2024-02-05,2025-02-04,1081.62,15000,150.0,Digital,Ambato,Vigente
POL00742,A00491,Vehículos,2024-05-05,2025-05-05,686.05,15000,150.0,Bróker,Quito,Vigente
POL00743,A00492,Hogar,2024-06-09,2025-06-09,1334.97,30000,300.0,Call Center,Loja,Vigente
POL00744,A00493,Salud,2024-06-27,2025-06-27,760.46,15000,150.0,Sucursal,Guayaquil,Vigente
POL00745,A00493,Vehículos,2024-06-18,2025-06-18,1105.99,15000,150.0,Digital,Guayaquil,Vigente
POL00746,A00494,Hogar,2024-10-19,2025-10-19,729.09,20000,200.0,Bróker,Quito,Vigente
POL00747,A00495,Generales,2024-01-23,2025-01-22,926.82,20000,200.0,Call Center,Guayaquil,Vigente
POL00748,A00496,Vehículos,2024-11-18,2025-11-18,3460.92,50000,500.0,Digital,Ambato,Vigente
POL00749,A00496,Salud,2024-11-17,2025-11-17,3598.96,50000,500.0,Agente,Ambato,Vigente
POL00750,A00497,Hogar,2024-02-10,2025-02-09,1814.23,30000,300.0,Agente,Ambato,Vigente
POL00751,A00497,Vehículos,2024-07-03,2025-07-03,1347.52,30000,300.0,Digital,Ambato,Vigente
POL00752,A00498,Vida,2024-10-03,2025-10-03,253.07,8000,80.0,Digital,Loja,Vigente
POL00753,A00498,Vida,2024-03-13,2025-03-13,2190.53,30000,300.0,Sucursal,Loja,Vigente
POL00754,A00499,Vehículos,2024-11-30,2025-11-30,498.65,8000,80.0,Sucursal,Loja,Vigente
POL00755,A00500,Vehículos,2024-10-20,2025-10-20,326.21,8000,80.0,Agente,Manta,Vigente
POL00756,A00501,Vehículos,2024-05-18,2025-05-18,3794.75,50000,500.0,Bróker,Santo Domingo,Vigente
POL00757,A00502,Salud,2024-08-13,2025-08-13,833.17,12000,120.0,Sucursal,Machala,Vigente
POL00758,A00503,Vehículos,2024-02-02,2025-02-01,453.33,12000,120.0,Call Center,Cuenca,Vigente
POL00759,A00504,Generales,2024-09-05,2025-09-05,970.19,15000,150.0,Bróker,Manta,Vigente
POL00760,A00505,Vehículos,2024-10-27,2025-10-27,1825.88,30000,300.0,Digital,Loja,Vigente
POL00761,A00506,Salud,2024-04-10,2025-04-10,945.7,12000,120.0,Digital,Manta,Vigente
POL00762,A00507,Vehículos,2024-01-10,2025-01-09,826.65,15000,150.0,Call Center,Machala,Vigente
POL00763,A00507,Vehículos,2024-03-28,2025-03-28,907.23,12000,120.0,Call Center,Machala,Vigente
POL00764,A00508,Vehículos,2024-07-12,2025-07-12,374.09,8000,80.0,Digital,Cuenca,Vigente
POL00765,A00509,Vehículos,2024-10-25,2025-10-25,452.34,8000,80.0,Digital,Guayaquil,Vigente
POL00766,A00510,Vehículos,2024-06-05,2025-06-05,1659.91,50000,500.0,Digital,Cuenca,Vigente
POL00767,A00511,Vida,2024-10-03,2025-10-03,595.04,15000,150.0,Sucursal,Quito,Vigente
POL00768,A00512,Generales,2024-01-02,2025-01-01,923.86,15000,150.0,Digital,Quito,Vigente
POL00769,A00513,Vehículos,2024-09-28,2025-09-28,689.9,12000,120.0,Agente,Quito,Vigente
POL00770,A00514,Vehículos,2024-06-05,2025-06-05,240.33,8000,80.0,Agente,Quito,Vigente
POL00771,A00515,Vehículos,2024-08-15,2025-08-15,716.78,20000,200.0,Call Center,Quito,Vigente
POL00772,A00516,Vida,2024-06-01,2025-06-01,707.6,12000,120.0,Call Center,Guayaquil,Vigente
POL00773,A00517,Vehículos,2024-11-17,2025-11-17,742.72,20000,200.0,Call Center,Riobamba,Vigente
POL00774,A00518,Hogar,2024-05-29,2025-05-29,1700.56,30000,300.0,Digital,Loja,Vigente
POL00775,A00519,Vehículos,2024-11-05,2025-11-05,757.73,12000,120.0,Call Center,Riobamba,Vigente
POL00776,A00519,Vehículos,2024-05-01,2025-05-01,299.75,8000,80.0,Sucursal,Riobamba,Vigente
POL00777,A00520,Salud,2024-04-14,2025-04-14,972.36,20000,200.0,Agente,Quito,Vigente
POL00778,A00521,Vehículos,2024-05-31,2025-05-31,1162.27,15000,150.0,Digital,Portoviejo,Vigente
POL00779,A00522,Vehículos,2024-01-16,2025-01-15,824.18,15000,150.0,Sucursal,Cuenca,Vigente
POL00780,A00522,Vida,2024-05-01,2025-05-01,1857.97,50000,500.0,Sucursal,Cuenca,Vigente
POL00781,A00523,Vehículos,2024-05-18,2025-05-18,1863.81,30000,300.0,Bróker,Riobamba,Vigente
POL00782,A00523,Vehículos,2024-08-29,2025-08-29,818.81,12000,120.0,Bróker,Riobamba,Vigente
POL00783,A00524,Salud,2024-09-16,2025-09-16,2234.44,30000,300.0,Call Center,Ambato,Vigente
POL00784,A00525,Vehículos,2024-03-30,2025-03-30,1143.31,20000,200.0,Bróker,Quito,Vigente
POL00785,A00526,Vehículos,2024-07-12,2025-07-12,715.49,12000,120.0,Sucursal,Cuenca,Vigente
POL00786,A00526,Hogar,2024-09-21,2025-09-21,914.44,15000,150.0,Call Center,Cuenca,Vigente
POL00787,A00527,Salud,2024-08-12,2025-08-12,696.62,12000,120.0,Digital,Loja,Vigente
POL00788,A00527,Generales,2024-09-08,2025-09-08,926.33,15000,150.0,Call Center,Loja,Vigente
POL00789,A00528,Vida,2024-03-05,2025-03-05,2012.85,30000,300.0,Call Center,Riobamba,Vigente
POL00790,A00528,Vehículos,2024-03-14,2025-03-14,416.44,8000,80.0,Call Center,Riobamba,Vigente
POL00791,A00529,Vida,2024-10-22,2025-10-22,725.85,12000,120.0,Sucursal,Cuenca,Vigente
POL00792,A00530,Vehículos,2024-06-21,2025-06-21,917.03,30000,300.0,Agente,Quito,Vigente
POL00793,A00531,Vehículos,2024-11-26,2025-11-26,712.17,15000,150.0,Bróker,Machala,Vigente
POL00794,A00531,Vehículos,2024-06-29,2025-06-29,839.09,12000,120.0,Agente,Machala,Vigente
POL00795,A00532,Vehículos,2024-03-22,2025-03-22,1791.75,30000,300.0,Sucursal,Manta,Vigente
POL00796,A00532,Vehículos,2024-08-02,2025-08-02,613.33,12000,120.0,Call Center,Manta,Vigente
POL00797,A00533,Vehículos,2024-04-10,2025-04-10,496.72,8000,80.0,Sucursal,Portoviejo,Vigente
POL00798,A00534,Hogar,2024-06-27,2025-06-27,667.59,12000,120.0,Sucursal,Guayaquil,Vigente
POL00799,A00535,Vehículos,2024-03-06,2025-03-06,733.24,20000,200.0,Digital,Guayaquil,Vigente
POL00800,A00536,Salud,2024-08-26,2025-08-26,474.95,8000,80.0,Call Center,Loja,Vigente
POL00801,A00536,Vehículos,2024-07-18,2025-07-18,1099.16,15000,150.0,Call Center,Loja,Vigente
POL00802,A00537,Vehículos,2024-03-18,2025-03-18,252.72,8000,80.0,Digital,Quito,Vigente
POL00803,A00538,Vehículos,2024-10-03,2025-10-03,1166.37,20000,200.0,Call Center,Guayaquil,Vigente
POL00804,A00539,Vehículos,2024-07-22,2025-07-22,297.63,8000,80.0,Bróker,Santo Domingo,Vigente
POL00805,A00540,Vehículos,2024-01-19,2025-01-18,423.46,12000,120.0,Call Center,Guayaquil,Vigente
POL00806,A00540,Vehículos,2024-05-29,2025-05-29,2169.56,30000,300.0,Bróker,Guayaquil,Vigente
POL00807,A00541,Vida,2024-09-08,2025-09-08,3847.0,50000,500.0,Bróker,Riobamba,Vigente
POL00808,A00542,Vehículos,2024-06-17,2025-06-17,591.46,8000,80.0,Bróker,Manta,Vigente
POL00809,A00543,Vehículos,2024-02-12,2025-02-11,1537.89,30000,300.0,Digital,Riobamba,Vigente
POL00810,A00543,Vehículos,2024-05-02,2025-05-02,759.65,15000,150.0,Agente,Riobamba,Vigente
POL00811,A00544,Vehículos,2024-12-18,2025-12-18,1128.63,15000,150.0,Sucursal,Cuenca,Vigente
POL00812,A00545,Vehículos,2024-05-15,2025-05-15,1008.4,20000,200.0,Agente,Cuenca,Vigente
POL00813,A00546,Generales,2024-08-13,2025-08-13,1587.58,20000,200.0,Digital,Loja,Vigente
POL00814,A00547,Generales,2024-01-13,2025-01-12,488.82,8000,80.0,Digital,Manta,Vigente
POL00815,A00547,Vehículos,2024-07-06,2025-07-06,1319.18,20000,200.0,Bróker,Manta,Vigente
POL00816,A00548,Salud,2024-05-18,2025-05-18,1340.18,30000,300.0,Sucursal,Santo Domingo,Vigente
POL00817,A00548,Generales,2024-12-05,2025-12-05,706.91,12000,120.0,Bróker,Santo Domingo,Vigente
POL00818,A00549,Vehículos,2024-07-30,2025-07-30,562.51,8000,80.0,Digital,Loja,Vigente
POL00819,A00549,Vida,2024-09-09,2025-09-09,688.02,12000,120.0,Agente,Loja,Vigente
POL00820,A00550,Vehículos,2024-01-02,2025-01-01,2572.59,50000,500.0,Digital,Machala,Vigente
POL00821,A00551,Vehículos,2024-11-08,2025-11-08,3877.65,50000,500.0,Sucursal,Riobamba,Vigente
POL00822,A00551,Vida,2024-02-23,2025-02-22,3394.18,50000,500.0,Bróker,Riobamba,Vigente
POL00823,A00552,Salud,2024-11-11,2025-11-11,528.7,8000,80.0,Digital,Cuenca,Vigente
POL00824,A00552,Vehículos,2024-11-27,2025-11-27,1084.05,15000,150.0,Sucursal,Cuenca,Vigente
POL00825,A00553,Generales,2024-12-12,2025-12-12,2218.67,30000,300.0,Call Center,Riobamba,Vigente
POL00826,A00554,Vehículos,2024-09-08,2025-09-08,454.19,8000,80.0,Sucursal,Loja,Vigente
POL00827,A00554,Vehículos,2024-12-07,2025-12-07,619.92,20000,200.0,Sucursal,Loja,Vigente
POL00828,A00555,Salud,2024-04-22,2025-04-22,244.09,8000,80.0,Agente,Riobamba,Vigente
POL00829,A00555,Vida,2024-11-03,2025-11-03,565.62,8000,80.0,Digital,Riobamba,Vigente
POL00830,A00556,Vehículos,2024-02-21,2025-02-20,1133.69,15000,150.0,Sucursal,Santo Domingo,Vigente
POL00831,A00557,Vehículos,2024-02-09,2025-02-08,1507.61,20000,200.0,Digital,Loja,Vigente
POL00832,A00558,Vehículos,2024-04-14,2025-04-14,570.76,8000,80.0,Sucursal,Ambato,Vigente
POL00833,A00559,Hogar,2024-08-18,2025-08-18,693.0,12000,120.0,Digital,Guayaquil,Vigente
POL00834,A00559,Hogar,2024-08-17,2025-08-17,1028.61,20000,200.0,Bróker,Guayaquil,Vigente
POL00835,A00560,Vehículos,2024-07-12,2025-07-12,2017.19,50000,500.0,Sucursal,Portoviejo,Vigente
POL00836,A00561,Vehículos,2024-10-22,2025-10-22,1342.2,20000,200.0,Digital,Machala,Vigente
POL00837,A00562,Vida,2024-03-30,2025-03-30,1868.06,50000,500.0,Agente,Guayaquil,Vigente
POL00838,A00563,Vida,2024-08-25,2025-08-25,938.44,15000,150.0,Sucursal,Riobamba,Vigente
POL00839,A00564,Salud,2024-09-08,2025-09-08,409.17,8000,80.0,Agente,Guayaquil,Vigente
POL00840,A00564,Vida,2024-03-21,2025-03-21,2224.56,30000,300.0,Digital,Guayaquil,Vigente
POL00841,A00565,Vehículos,2024-10-09,2025-10-09,1177.12,20000,200.0,Bróker,Portoviejo,Vigente
POL00842,A00566,Generales,2024-12-16,2025-12-16,616.54,8000,80.0,Digital,Santo Domingo,Vigente
POL00843,A00567,Vehículos,2024-07-30,2025-07-30,783.54,20000,200.0,Digital,Machala,Vigente
POL00844,A00568,Vehículos,2024-01-25,2025-01-24,1181.21,15000,150.0,Call Center,Loja,Vigente
POL00845,A00569,Salud,2024-02-22,2025-02-21,2339.75,30000,300.0,Bróker,Manta,Vigente
POL00846,A00570,Vehículos,2024-02-09,2025-02-08,1032.47,15000,150.0,Digital,Machala,Vigente
POL00847,A00571,Salud,2024-04-16,2025-04-16,1190.46,30000,300.0,Bróker,Machala,Vigente
POL00848,A00571,Vehículos,2024-03-24,2025-03-24,1087.35,15000,150.0,Sucursal,Machala,Vigente
POL00849,A00572,Vehículos,2024-01-08,2025-01-07,782.25,20000,200.0,Digital,Quito,Vigente
POL00850,A00573,Vehículos,2024-10-19,2025-10-19,1137.51,30000,300.0,Call Center,Portoviejo,Vigente
POL00851,A00574,Generales,2024-03-19,2025-03-19,440.69,8000,80.0,Bróker,Portoviejo,Vigente
POL00852,A00574,Vida,2024-05-10,2025-05-10,3494.74,50000,500.0,Digital,Portoviejo,Vigente
POL00853,A00575,Salud,2024-01-04,2025-01-03,1028.75,15000,150.0,Sucursal,Cuenca,Vigente
POL00854,A00576,Vehículos,2024-09-09,2025-09-09,2455.51,50000,500.0,Call Center,Riobamba,Vigente
POL00855,A00576,Vehículos,2024-10-26,2025-10-26,577.45,12000,120.0,Bróker,Riobamba,Vigente
POL00856,A00577,Vida,2024-11-06,2025-11-06,3137.81,50000,500.0,Sucursal,Loja,Vigente
POL00857,A00578,Generales,2024-08-15,2025-08-15,293.75,8000,80.0,Sucursal,Guayaquil,Vigente
POL00858,A00579,Vehículos,2024-06-24,2025-06-24,625.15,8000,80.0,Digital,Machala,Vigente
POL00859,A00580,Vehículos,2024-05-23,2025-05-23,710.9,20000,200.0,Sucursal,Manta,Vigente
POL00860,A00581,Vehículos,2024-04-12,2025-04-12,1747.85,50000,500.0,Digital,Riobamba,Vigente
POL00861,A00581,Salud,2024-04-06,2025-04-06,539.87,12000,120.0,Bróker,Riobamba,Vigente
POL00862,A00582,Generales,2024-05-26,2025-05-26,1228.79,30000,300.0,Digital,Machala,Vigente
POL00863,A00583,Vida,2024-02-09,2025-02-08,768.22,20000,200.0,Digital,Manta,Vigente
POL00864,A00583,Vehículos,2024-06-20,2025-06-20,660.59,12000,120.0,Sucursal,Manta,Vigente
POL00865,A00584,Vehículos,2024-10-29,2025-10-29,924.01,30000,300.0,Agente,Guayaquil,Vigente
POL00866,A00584,Salud,2024-02-04,2025-02-03,944.34,15000,150.0,Agente,Guayaquil,Vigente
POL00867,A00585,Generales,2024-11-07,2025-11-07,950.34,30000,300.0,Agente,Machala,Vigente
POL00868,A00585,Vehículos,2024-08-31,2025-08-31,1917.34,50000,500.0,Agente,Machala,Vigente
POL00869,A00586,Salud,2024-03-10,2025-03-10,800.94,12000,120.0,Sucursal,Loja,Vigente
POL00870,A00587,Generales,2024-08-31,2025-08-31,1863.56,30000,300.0,Agente,Loja,Vigente
POL00871,A00587,Salud,2024-09-19,2025-09-19,1108.09,20000,200.0,Call Center,Loja,Vigente
POL00872,A00588,Vehículos,2024-09-14,2025-09-14,957.19,15000,150.0,Agente,Portoviejo,Vigente
POL00873,A00588,Vida,2024-07-24,2025-07-24,706.73,12000,120.0,Agente,Portoviejo,Vigente
POL00874,A00589,Vehículos,2024-10-24,2025-10-24,1165.97,30000,300.0,Call Center,Cuenca,Vigente
POL00875,A00589,Vehículos,2024-10-16,2025-10-16,2367.59,30000,300.0,Sucursal,Cuenca,Vigente
POL00876,A00590,Vehículos,2024-11-29,2025-11-29,1111.86,15000,150.0,Call Center,Machala,Vigente
POL00877,A00591,Vida,2024-01-16,2025-01-15,3626.65,50000,500.0,Sucursal,Loja,Vigente
POL00878,A00591,Vehículos,2024-09-16,2025-09-16,2948.63,50000,500.0,Digital,Loja,Vigente
POL00879,A00592,Generales,2024-07-14,2025-07-14,3127.4,50000,500.0,Digital,Loja,Vigente
POL00880,A00592,Vehículos,2024-09-24,2025-09-24,3553.3,50000,500.0,Sucursal,Loja,Vigente
POL00881,A00593,Generales,2024-12-19,2025-12-19,481.52,15000,150.0,Digital,Santo Domingo,Vigente
POL00882,A00594,Salud,2024-08-05,2025-08-05,825.92,15000,150.0,Agente,Ambato,Vigente
POL00883,A00595,Vida,2024-05-22,2025-05-22,1540.67,50000,500.0,Bróker,Portoviejo,Vigente
POL00884,A00595,Generales,2024-12-25,2025-12-25,1080.3,15000,150.0,Call Center,Portoviejo,Vigente
POL00885,A00596,Vehículos,2024-10-18,2025-10-18,1598.08,20000,200.0,Bróker,Portoviejo,Vigente
POL00886,A00597,Vehículos,2024-08-20,2025-08-20,1775.11,30000,300.0,Bróker,Manta,Vigente
POL00887,A00597,Vehículos,2024-01-16,2025-01-15,598.72,8000,80.0,Digital,Manta,Vigente
POL00888,A00598,Vehículos,2024-04-03,2025-04-03,562.1,12000,120.0,Bróker,Santo Domingo,Vigente
POL00889,A00599,Vehículos,2024-03-24,2025-03-24,619.15,15000,150.0,Agente,Ambato,Vigente
POL00890,A00599,Vehículos,2024-04-04,2025-04-04,1088.84,15000,150.0,Digital,Ambato,Vigente
POL00891,A00600,Hogar,2024-01-19,2025-01-18,2120.91,30000,300.0,Call Center,Machala,Vigente
