placa,chasis,motor,marca,modelo,anio,id_asegurado,id_poliza
HBP-4329,KX2EW4SDSF4H6DWMH,AJAL8ZTL0J,Kia,Rio,2023,A00001,POL00001
CCZ-1579,3RXS3XUE0H9DMRC2E,6VWXF6A0NV,Renault,Duster,2021,A00004,POL00007
IAV-7164,WGPS38DKUFCR306FG,9J2ED4JSVT,Chevrolet,Sail,2017,A00006,POL00010
CBC-8365,6X3HZP5W6THFLWCPX,KFSZ29DWTM,Kia,Rio,2012,A00007,POL00012
GZJ-7098,FTEBEN5JFYHC6DL42,8B14MZPMUU,Toyota,Hilux,2019,A00008,POL00014
JPO-1999,FU1J3NSB1Z78Z9X1U,MBXRBUD7ZR,Volkswagen,Gol,2014,A00009,POL00015
SZV-7363,ZMMSXZBZKN8WM8CFD,RRB7AYNJYM,Hyundai,Tucson,2024,A00010,POL00016
ZPZ-6978,E02GYWXJL48XMZRM1,WVJMA2CMXR,Kia,Rio,2022,A00011,POL00017
OAH-4435,SEZTGAD153L381Z1G,7RL5ECVBXT,Mazda,CX-5,2013,A00012,POL00019
ISS-8909,B4L4LDGYPN3TVWSGD,28KD0A4FV7,Kia,Rio,2015,A00013,POL00020
ZBH-7512,78TF1M010M5CT56TR,UDKGFZ3RD1,Volkswagen,Gol,2020,A00014,POL00021
BVO-3832,LPNJC4F4NKTXEF12X,U6A3H3KKGG,Toyota,Hilux,2021,A00015,POL00023
JIU-4892,D7U0BYWWU8GRJW5XU,3FN5P380D9,Chevrolet,Sail,2024,A00017,POL00026
CGZ-4288,DSC6D0NU0692HBS08,5M7ZZLTFVB,Chevrolet,Sail,2018,A00018,POL00027
HTJ-9409,BA7JMARTWU41Z6TP6,W2GA90VWG7,Hyundai,Tucson,2013,A00019,POL00028
PHZ-3785,MVG7JTMYFRZRW3Y0T,V6H7DE7N9H,Mazda,CX-5,2022,A00023,POL00034
CIZ-3954,F8YMXDA5UPLL8FJ44,2471ACN0AX,Volkswagen,Gol,2024,A00024,POL00036
HCB-7284,9WLECWV6Y4JY8ZNL2,BRRJPB9LH0,Mazda,CX-5,2023,A00025,POL00037
SAT-2771,BDH351HT7KPAW3GUJ,3G9HVHG8NN,Chevrolet,Sail,2024,A00026,POL00038
GAA-2458,H8KF9EGTR6VT6DGMC,V0X4HGCAJL,Mazda,CX-5,2017,A00027,POL00040
HZJ-8835,3LHJDLG375M1ZBJ78,H35CETXARY,Volkswagen,Gol,2020,A00028,POL00042
ZZP-1894,AL978LE8XSYUD9R12,SF655F85XH,Toyota,Hilux,2019,A00029,POL00043
VSS-5990,9P6Y0DR6Y705HGRAY,ZV0GCL8J3G,Kia,Rio,2016,A00030,POL00044
BVJ-1761,H569J8AD479MMJG1X,913SU2YV5J,Mazda,CX-5,2014,A00031,POL00045
PPU-6281,HZ73V4AGB1KDDNULV,TKDVPCZ5GR,Toyota,Hilux,2023,A00033,POL00048
JJV-6122,DATN5R0NNV5MEMM9H,1C4UTJLTAY,Renault,Duster,2019,A00034,POL00049
TII-6911,VP7AHZ5SSCX1H1TVB,09958CVNX9,Hyundai,Tucson,2013,A00037,POL00054
TTV-4492,4GP4EKB6YCFEDMTER,T31524XB1H,Hyundai,Tucson,2020,A00038,POL00055
CUJ-9941,VKW0AKHCA2FWPZP39,KLMRTNHMD6,Hyundai,Tucson,2022,A00041,POL00059
IIC-4842,GVENX85YWK0X4LAXS,R4U0JY765Z,Volkswagen,Gol,2024,A00042,POL00060
ZZC-9824,NTEEB9B2PCT7K02RV,J699F209AS,Nissan,Versa,2024,A00043,POL00061
IAG-8989,RET0RCP0176CCXGUT,M110ET1R2Z,Volkswagen,Gol,2017,A00044,POL00063
CGB-9430,UPKML0HR3YH777PL3,BSCJLJ9CKD,Volkswagen,Gol,2014,A00044,POL00064
GJJ-3166,GBN93KGM7C9HF7JA4,30C4R71ZG4,Kia,Rio,2014,A00047,POL00069
HGA-1116,HA1PX30GK4TT40U2P,37M07TWZ2J,Renault,Duster,2022,A00047,POL00070
SJB-2049,TR0FC12VDM85ANVNC,9RLC0SALFU,Volkswagen,Gol,2024,A00050,POL00073
UUB-2477,VZZURN62ATM39GE9V,YH9TT517SY,Chevrolet,Sail,2024,A00051,POL00074
HBJ-4610,RX3ZATSVF2YEM7XZP,UMN8NSSTPR,Kia,Rio,2015,A00051,POL00075
APV-7933,7C9Z2M6H6XAAP1GX0,TMTSU7Y0M8,Toyota,Hilux,2018,A00055,POL00079
OCS-3148,RGUS41NKK7AM38JX8,WTD2GLDPT7,Nissan,Versa,2022,A00055,POL00080
IAJ-2986,ZNMVZX985F1V6KLY3,2EFLYRXXVU,Nissan,Versa,2021,A00056,POL00081
JCC-1378,JSTFPL2GGE7DB2FGT,KF1WRSV5JJ,Volkswagen,Gol,2020,A00057,POL00082
SSO-8126,WZ7RF5W03TKWAAJZV,7A87WA4VRA,Toyota,Hilux,2020,A00058,POL00084
UUT-7385,1RTF4SUVU3NEMJVH6,5U8NXBKDBM,Toyota,Hilux,2013,A00058,POL00085
AOG-6601,3W806CYFKDU2E7MNT,1AHS15SCN6,Toyota,Hilux,2023,A00059,POL00086
TJI-1246,LUH2SAC7K0FSL8FYD,DZKGJ8RXZ5,Hyundai,Tucson,2023,A00061,POL00090
AOU-8168,V8NMZX6ULEK5VT06A,91MB0SXE1N,Nissan,Versa,2020,A00061,POL00091
PSU-5193,D0REAP8F6D030DUCE,WEPGGR1NNS,Volkswagen,Gol,2021,A00064,POL00095
PSO-6772,XX034XSP1T0552ACV,BJWAWRPXBU,Toyota,Hilux,2020,A00066,POL00098
SGG-5198,WF2PEX7M8GWC1FDYZ,43HRA1DWCX,Mazda,CX-5,2020,A00067,POL00099
VSS-9269,FR4V2KJYF7D2TF294,JJ7N82NSSE,Volkswagen,Gol,2016,A00068,POL00100
IIG-6254,ZBWLZ5K5CRN0KFHDS,KVAYHW57BY,Renault,Duster,2015,A00069,POL00101
HGV-5444,D6AE1U0GBV1R19GX8,FMN96BCSWY,Chevrolet,Sail,2019,A00070,POL00104
JGS-3502,4WY5JPJNJWJ4KLXEH,MXKBX33W5U,Hyundai,Tucson,2014,A00072,POL00108
SSS-4783,RRBZF7J970M187JLN,RC3AU3RNPE,Nissan,Versa,2014,A00073,POL00109
PJP-1807,NV52WV6L4VDK65F9H,MJ23X5BM6N,Chevrolet,Sail,2019,A00076,POL00114
BBU-8362,0F19L11CLYKLKMD3W,W5VMHJNATA,Kia,Rio,2019,A00077,POL00115
BSS-1107,SUPDMKDZCKCWYFDG3,MLVM60CFWX,Volkswagen,Gol,2017,A00078,POL00117
UGS-1953,GF7V4XTZJ888MRVNA,HB6HP33CYZ,Hyundai,Tucson,2020,A00079,POL00119
HPP-6307,AHYY2BMNYY77CJ7K6,Y63DWXBPYZ,Nissan,Versa,2013,A00080,POL00120
SSJ-4070,HWXCU3F8S05WPWMH0,CNF59B79KN,Toyota,Hilux,2017,A00081,POL00121
OAB-9529,WBWPXNNVUX5HUKLUH,A9GPZXUKVS,Mazda,CX-5,2014,A00084,POL00125
OTA-2735,1DF42M5ZWYNF6JF6G,6W67RRKT02,Chevrolet,Sail,2014,A00085,POL00126
VIS-3087,9G2GXEW623SSL71EY,P44YSME8H6,Nissan,Versa,2017,A00086,POL00128
TCO-9704,V15NPXWW4ZFA92JVD,0DAZHVBS42,Toyota,Hilux,2022,A00089,POL00131
CBC-7813,64M69451ZRM4A8S9U,30CC70H7FK,Renault,Duster,2023,A00091,POL00135
OTU-2279,WDYA7697Y3ZVVLCWT,D7LDVBV8FJ,Hyundai,Tucson,2020,A00092,POL00136
ZHA-2827,MK50MTS8MCYFKK831,S5LPZDTHDL,Nissan,Versa,2019,A00092,POL00137
JTU-7390,7TK4AV51XCGZ4UYUU,GT26SNYMXA,Hyundai,Tucson,2022,A00093,POL00138
TOI-4594,VTNCBFDPHHFJ1MHMT,V6E6U4XTLE,Kia,Rio,2016,A00093,POL00139
OBO-4287,2M8GK4PG5TGCEET5B,8KAC1UKY2A,Toyota,Hilux,2020,A00094,POL00140
AJU-8898,HZYW2DF0YF6VNMC1N,W1GZ8F5NJC,Hyundai,Tucson,2015,A00095,POL00141
OPZ-8361,BCYDYC2HP6KRECK8B,7CSJAMDWG6,Nissan,Versa,2021,A00095,POL00142
BTS-9943,JXPCMYEHUK3L0L5SC,JG1LB8FAAM,Mazda,CX-5,2013,A00097,POL00144
POJ-4919,MCM8FWZ3ASNHG09R6,PUDNHK78ML,Nissan,Versa,2022,A00098,POL00145
CVA-8947,9HES5X3NXRHXRGS3N,1RE78D4KP6,Toyota,Hilux,2014,A00099,POL00147
GIC-1525,DUJH663LYRVLLRF38,P76UA4SSX4,Nissan,Versa,2021,A00099,POL00148
OGB-1203,3PJZVSFB7WL6B66J2,M06AE1YCV4,Volkswagen,Gol,2024,A00101,POL00151
CIG-9841,H7PRXZU94UDE0Z589,H7V50EN6FF,Hyundai,Tucson,2018,A00103,POL00155
OCZ-4346,BV3J7Z35BVNEBRY3Y,X856WJWLTR,Toyota,Hilux,2019,A00104,POL00156
ICG-1568,XZK05LWHB28K6XKA9,YV7VK5YH7C,Nissan,Versa,2014,A00107,POL00160
BIA-4197,RUNBF5F92N8X9D02K,4010AVZZW5,Mazda,CX-5,2020,A00108,POL00161
CVU-7944,3JFKPW7YE1FA3U3M6,JNM1V8CWW8,Nissan,Versa,2020,A00109,POL00162
TTH-7834,M8SBHU8E074T7H09B,TLDKX6JZLD,Kia,Rio,2016,A00110,POL00163
PGV-4002,GLXXWU0GZKAJV083Y,LGPK9RNH36,Kia,Rio,2013,A00110,POL00164
AVO-8065,CNGC9D7HTCEWAGHPN,MZBFKUZZL9,Kia,Rio,2024,A00115,POL00169
JBV-6149,H6HJ80VCFX8H1V6W5,R3V4NE70MA,Hyundai,Tucson,2022,A00119,POL00174
BIG-6548,N2HR48UU2Z7289UK6,GHT88RJBGD,Toyota,Hilux,2013,A00120,POL00176
VOG-5809,889TYBC4H15X156CC,MWL84JW18H,Volkswagen,Gol,2021,A00121,POL00178
VUS-1440,Y1G4ZZ3ZDSSSWFEWH,YLBXC6493U,Mazda,CX-5,2012,A00123,POL00182
JGO-2234,PVTDW2RFGYUE74PZE,W9W4XN32T9,Mazda,CX-5,2019,A00125,POL00185
JIZ-2055,P3UVLTS2SHKNBSW68,44CNLUJBTU,Renault,Duster,2022,A00128,POL00190
ITT-2479,2JSH9HT8FSHXY1S4P,KGMPU53TD8,Renault,Duster,2020,A00129,POL00192
HPJ-6067,0HS51A2TWFSWPL5X3,CUF873Y4GL,Hyundai,Tucson,2023,A00131,POL00195
OUA-1853,M5JA2NWXFHLSJ3X57,JTMXVNF30M,Mazda,CX-5,2018,A00131,POL00196
SHC-2459,0LHA468HRPNUV81J4,PPVN3M3KBV,Renault,Duster,2016,A00133,POL00199
AOC-6296,2P14TEGDDYS7ZCAT9,1W20JCMTL9,Kia,Rio,2019,A00133,POL00200
ZZH-6907,4VTTX4LX8K5DNKDRM,C7TL64H8C5,Volkswagen,Gol,2017,A00134,POL00202
BGZ-5654,ML9UPAM3ES8GYBVH2,0GXKBF676U,Mazda,CX-5,2021,A00135,POL00203
AZG-3669,12VKHW84WJZG09N85,17U4F40M44,Kia,Rio,2013,A00137,POL00207
PTT-9596,FV64F7WKJWS4VDEC9,G943G6TZTF,Volkswagen,Gol,2024,A00137,POL00208
ABJ-5876,X65TYMPMFTG4BA2HA,L7628W02WF,Renault,Duster,2014,A00138,POL00209
GOT-3378,S4NFW6K74BHLK587B,5SNV2DYAG4,Chevrolet,Sail,2018,A00139,POL00210
GUA-9655,B4XEU37H8Z54BLVN7,Z5R9RY6JV1,Volkswagen,Gol,2018,A00140,POL00212
AIH-6849,LM9CEY4HRHR8TYZCU,K9GD56HGGC,Chevrolet,Sail,2020,A00142,POL00215
UHU-8233,98GK0YJHN53AS7YV9,LFU030SK3R,Toyota,Hilux,2014,A00142,POL00216
AOC-1162,EFYX2L4D2CKDV32WX,ZAUK25P5Z2,Mazda,CX-5,2024,A00143,POL00217
UUU-3064,VPF9WYLBBTSW49HD0,T9ZHDH5WA6,Renault,Duster,2017,A00143,POL00218
UJP-5057,GXN06GK43FFD4J7P5,E022T84583,Toyota,Hilux,2014,A00145,POL00220
IHI-5968,V8BKK3DWVPM8AHZEC,37W5Y17JJ9,Kia,Rio,2022,A00148,POL00224
JIP-1750,5UFLBWHFNDN79BHMB,UPS5FX2C8B,Hyundai,Tucson,2017,A00149,POL00226
BBP-3755,VKMTFKW3LDXMBDW1G,XK3XT1HDNS,Kia,Rio,2024,A00150,POL00227
HPS-2663,SJW35F9PK0LS45CA6,VLAD7UT1ZP,Chevrolet,Sail,2021,A00151,POL00230
UBZ-3288,U4P9XYT5USXYP6YBJ,A7AAM382FE,Renault,Duster,2020,A00152,POL00231
ZSI-7336,MAH60N5ARBUZNFWRR,80CU8PAN2H,Renault,Duster,2016,A00152,POL00232
BSC-2065,JTRUNBT6A4DX43UH6,80CRDU35XA,Toyota,Hilux,2018,A00153,POL00233
BGG-3694,YWEGB74BYTSG7SYDY,SE5G5HFDC1,Renault,Duster,2017,A00153,POL00234
JBS-7735,RA6164GYB6YNGGAEN,J9TZ375MSJ,Renault,Duster,2024,A00155,POL00236
HSP-3385,K7WYV0AKDS9D4ZNNN,EYN76YYW3Y,Mazda,CX-5,2014,A00155,POL00237
UGO-4492,S7Y1P2MA0AEZBHKV5,N0CBNNVMRT,Hyundai,Tucson,2023,A00156,POL00238
ZHB-1343,J1HYPW6S00L4EHKJN,N10X4SCNVK,Toyota,Hilux,2017,A00157,POL00239
GUB-8711,EL919086MX0787U2C,PRN5S2PW41,Volkswagen,Gol,2021,A00158,POL00240
PSI-7981,564308XU1BM5RTEZF,V99FURGHE0,Volkswagen,Gol,2012,A00160,POL00242
USC-9898,TAWVZ22A79K2RRP7R,66YFXN43P5,Hyundai,Tucson,2019,A00161,POL00243
VTZ-6810,YR342WXBCJKY21P2E,1N7GY5WFLG,Volkswagen,Gol,2022,A00162,POL00244
BJH-4373,RVE6D0ALX32LHJ37E,1PJPW47LWN,Hyundai,Tucson,2020,A00163,POL00245
PIS-9043,66CFV6ZW2M3SM461M,G2CSLUVEP8,Hyundai,Tucson,2018,A00164,POL00246
BUC-6359,686EFS5J7ULLBGMVH,2LEAUK5ZMP,Nissan,Versa,2023,A00167,POL00250
JUH-8274,DAD1NS0SNFB3BAYNE,RGLLC39GXX,Kia,Rio,2020,A00167,POL00251
AJG-8516,REU0CEP3W8GLTGX1J,YMX7EYB519,Mazda,CX-5,2022,A00169,POL00253
IOH-4309,K1PCS5YJUXC3VBRYY,SPDSR1XM5A,Toyota,Hilux,2013,A00171,POL00255
CBC-9992,PS9F46WLNS4MSWV5N,U7F021L754,Hyundai,Tucson,2020,A00172,POL00256
UOG-3535,NAA908232018WE3CH,1LN4TZ980D,Toyota,Hilux,2022,A00175,POL00260
ZIT-1462,KT6KTSLAHF12FN4L4,TW91W3FGZK,Chevrolet,Sail,2016,A00175,POL00261
UJC-3890,0MJN8M9H5PMNDMNT3,5GLFVF1HUE,Nissan,Versa,2017,A00177,POL00263
AHV-1118,CGPA1U87Y4Y0YXS02,1DZYGA62JB,Chevrolet,Sail,2021,A00177,POL00264
TGA-6278,B0CX5R82FZ47G1VNK,9CJ8FW6L5H,Renault,Duster,2019,A00179,POL00266
VHG-5220,7HJ8FYREY114RRTHV,FHFYNH0JX1,Renault,Duster,2021,A00180,POL00268
IVI-3069,RG2A6XKVR86KVKCXW,9HU7P8V1DY,Renault,Duster,2014,A00181,POL00269
CIV-1886,W6LJ57VKPPNA0GK14,LDGZ7MDH9Y,Kia,Rio,2021,A00184,POL00274
TUJ-2468,61U50AHHFH89RB7UG,M174WJGXEM,Toyota,Hilux,2018,A00185,POL00276
VVG-2922,MMA5XHCJPLFTCFH9W,0L4ASWCV5J,Kia,Rio,2021,A00186,POL00277
GCH-4526,JPZUJ4ETT1L26FT4K,PEUN09L3KX,Chevrolet,Sail,2024,A00187,POL00279
TPJ-2080,YF0YUKRUAG1R1GHMW,8GZVUGDLX1,Kia,Rio,2014,A00188,POL00280
SCH-1155,9KJK1UD0S36M5Z69V,U4RWFW3XFF,Volkswagen,Gol,2013,A00188,POL00281
JAS-4115,A4ZSC5LRME0J9ZD48,1L0HYSHVW7,Kia,Rio,2016,A00190,POL00284
OSZ-8999,DZA6YWZGAZM2ZAG48,NF9K3H8AKT,Chevrolet,Sail,2015,A00191,POL00285
BOT-8198,LJZ4AZNHNVCJ23YCL,N7UH388JX2,Nissan,Versa,2020,A00191,POL00286
VTG-1852,Y4A47VV8F4SK9MSUH,TS4N7G9MNK,Chevrolet,Sail,2015,A00192,POL00287
JAS-4270,FD13WRRY47D94DWHU,0UZ3SXDMCA,Toyota,Hilux,2012,A00192,POL00288
CHO-6956,YWHGAJY000SUP1FGJ,HCNN5GEYW7,Renault,Duster,2024,A00193,POL00289
VZZ-6690,05H4E739BLUJVCDN2,89EL59112U,Nissan,Versa,2015,A00193,POL00290
PUU-9602,TWRVUHLRCSVCKUJUD,SPHAZ0XFTJ,Volkswagen,Gol,2018,A00194,POL00291
UHC-5194,BG1TP5RXUP2K5R40K,7F8M6MMN8M,Hyundai,Tucson,2022,A00195,POL00292
BCB-7986,S62GJAG11BHACJSFU,KAAGYFNJ75,Hyundai,Tucson,2014,A00195,POL00293
AZA-2684,VG93KARBR41KZVR1H,8LHRGVZEYH,Kia,Rio,2017,A00196,POL00294
BSJ-5562,KFXJM1ZX8473YJS13,88R1F3RFS0,Kia,Rio,2012,A00199,POL00300
OCZ-7898,SPRDJHK1B40DGE7LB,K0KFSEA3KM,Nissan,Versa,2019,A00201,POL00302
AJZ-7940,6T9WR4LUF1JP2DR2M,E67X21LD04,Toyota,Hilux,2015,A00203,POL00305
GHC-9873,GEPAWNNCSUFC7CDXF,WAZV29NX2Z,Chevrolet,Sail,2014,A00204,POL00306
VTT-3307,L9Y5JYV04C1SPEK8G,AKWF8G6XLV,Hyundai,Tucson,2014,A00206,POL00310
HOH-8242,JH8C0V23J509X0F39,5TCDSAKGV1,Volkswagen,Gol,2014,A00207,POL00311
BCU-2775,24N2YEXY8P7HU6CK7,KPXC1D047P,Kia,Rio,2012,A00208,POL00313
PGT-5250,MDF4YWLNZ377L4Z1A,NEKXXAK6K8,Renault,Duster,2017,A00210,POL00315
SJG-6703,PNA00BWW9H8633ZZ4,YHM640ML41,Toyota,Hilux,2016,A00212,POL00318
THZ-7891,PR61HN7HZ632A0R9V,UTW3SA3CAB,Chevrolet,Sail,2014,A00214,POL00321
IPC-8166,RGJ9H2TLXPFFB4AKB,F1BJ6ZMSRW,Renault,Duster,2015,A00217,POL00325
OZI-4407,2G8B3E8EP31X5LMWA,MCHYZ7ALTH,Kia,Rio,2015,A00219,POL00329
UUC-5384,U7NFZV68492NTMNU2,GWLP8454UX,Kia,Rio,2021,A00221,POL00331
TZB-8363,LC9T3VZ2BHMX4MZSE,P00KXHAXAY,Mazda,CX-5,2015,A00221,POL00332
USV-2225,34XXNND88CU3HH5LX,1SBVBA6VJ2,Nissan,Versa,2012,A00222,POL00334
HIV-6665,2FX8D2W68H0GBRDAJ,GX4RLFN0AD,Nissan,Versa,2016,A00223,POL00335
HUC-3257,6HJXK35HS78UX7RFT,VFZSPEE8DP,Renault,Duster,2012,A00224,POL00336
ZSV-9644,9XW6K9GJR0159N2NE,U4LWGK6GHS,Hyundai,Tucson,2012,A00225,POL00337
HBP-2377,Z4PK2949YD5U0GD14,NVN2MU84GD,Mazda,CX-5,2022,A00226,POL00338
GBP-2655,UR222GRU8PLPZVVAG,M97WSLXELM,Nissan,Versa,2017,A00226,POL00339
CHB-3797,AZ7A8S7HCBVR9LKGG,WY58ZT8T06,Chevrolet,Sail,2012,A00227,POL00340
JZG-3320,Z8BS40PFN1GU5MTZY,23UWNCYH46,Toyota,Hilux,2021,A00228,POL00342
ZSB-1871,8WA4ZADTJZV9KFUKN,4FVRC7ZS14,Nissan,Versa,2018,A00230,POL00346
TVG-5096,J3NWWFW6M14GJ5X9Z,6Z46336BB3,Toyota,Hilux,2013,A00231,POL00348
CJT-1097,66DFDUGYGV7YDH9DP,K8JRKWWA8N,Renault,Duster,2013,A00232,POL00350
GGB-8761,B952DHW27MST5H4KB,MKSL9N77VV,Kia,Rio,2022,A00232,POL00351
SHA-8282,CZJ66UALZ99PZ19EM,KZY6JUW2E7,Chevrolet,Sail,2018,A00234,POL00354
VGV-4876,GM13EDTHCE50BMXG5,1JNNT85VRN,Mazda,CX-5,2023,A00236,POL00358
GAV-3302,A03EYM8NP79ZZJE54,1EFJWGH8RD,Kia,Rio,2021,A00237,POL00359
ZZC-5719,ES9W2DH7TBCY3TNYD,JPYDS8ECZE,Kia,Rio,2018,A00238,POL00360
TIJ-8824,WRBDBN1B7D11J44JH,5H0ZNY4DSR,Hyundai,Tucson,2013,A00239,POL00362
ZAB-1928,J5MVCXZSVJ27HEETP,8ZR5W0VSUX,Hyundai,Tucson,2023,A00240,POL00363
BGC-9535,RWPH0KCS56HB8CUU1,WFDU18B115,Nissan,Versa,2012,A00241,POL00364
APV-6698,BYTPBY44DG1V64TL1,6SJAUUFSVY,Nissan,Versa,2021,A00242,POL00365
BHS-6259,TM56B5A6CZ7P3DFUX,E5MTUT8JRM,Chevrolet,Sail,2014,A00243,POL00366
PUA-4845,ZGE95H9ESPX03E4VK,BX0Y307VBL,Mazda,CX-5,2017,A00245,POL00369
VIP-9326,ZP1CK1FER93HD75XU,NVSYS0R6XH,Hyundai,Tucson,2023,A00246,POL00370
ITO-4774,53RJS3JTVYXHF339K,8NM6ALH3T7,Kia,Rio,2023,A00247,POL00371
CPZ-9672,14ZJ2SVHYYGCEZ535,4V7JM9FKA0,Kia,Rio,2022,A00248,POL00372
VBG-5871,8YD94VX1XMKCP4UXG,ZVLHVU85RL,Nissan,Versa,2016,A00249,POL00373
SAP-9813,NA8B0PV45J6VHH548,TFJUHZFREX,Chevrolet,Sail,2014,A00250,POL00375
GCS-7163,RNT7K8M8VJNFPA4E8,PMC3T1SZ7M,Chevrolet,Sail,2016,A00252,POL00378
COI-2860,Z2J783SBVU9P3DXTX,32542TDU8R,Kia,Rio,2017,A00253,POL00381
VTB-6401,JBB1FYZEDP0NL2RVL,0Y3PSACBG9,Hyundai,Tucson,2018,A00254,POL00382
HUB-7190,2JUFEE93BAKG2NWX4,9BWU6NGT71,Chevrolet,Sail,2016,A00255,POL00383
UPP-5007,1B820G5RB2R507GWY,KFGLP8SFK2,Nissan,Versa,2021,A00255,POL00384
IUS-7660,AUP88XSX679FG4E1J,ALHLN5HC48,Chevrolet,Sail,2014,A00256,POL00386
JHU-5441,X0LKVP0T76PYJL7AX,3MK7EAWNNG,Kia,Rio,2020,A00257,POL00387
BIT-4703,ZANUV4W02TNEKGPUM,TGJ1YU7PLA,Toyota,Hilux,2024,A00257,POL00388
PVB-4944,2117ZWXFPLUK458TH,4ZMB06Z4PN,Nissan,Versa,2018,A00259,POL00391
ASH-6381,G0T9AUCU72CTUDB76,8M7GC0BKMJ,Hyundai,Tucson,2013,A00260,POL00392
BZP-5546,NBYXL0A23DEN9KUFM,5CUN93MAWU,Mazda,CX-5,2020,A00260,POL00393
BBB-3990,FMXBLAP06FSWNJWD1,VMUJX3RNUN,Volkswagen,Gol,2014,A00261,POL00394
ZTT-3793,C1KP4ZVPY9UF9PTP6,TCHM7J6X01,Volkswagen,Gol,2022,A00262,POL00396
IHC-8648,MB56427ST0Y72WCR9,G34U2BL9LW,Toyota,Hilux,2021,A00263,POL00398
HBC-4869,P4FSK0A7LZG72P716,SG1JXJ2XV4,Nissan,Versa,2021,A00266,POL00401
GSC-4852,00Y9A2ERJ8NCPW4FY,1M4KVW17CT,Chevrolet,Sail,2018,A00266,POL00402
ITU-2661,2ALXJ916A824DW4TH,5907Y0HM41,Kia,Rio,2022,A00267,POL00403
JAO-5615,CH860D0T4YVBUMVZ3,B5XWCHZC2S,Volkswagen,Gol,2014,A00268,POL00404
PUB-6534,W42BMTF4HNTW9SD07,P4UMU9C2MV,Renault,Duster,2016,A00271,POL00408
HOS-6212,GRRBXREV63Y17AYYX,Z5K68PL1T2,Nissan,Versa,2012,A00271,POL00409
SSC-6761,43BV8S1J1HG2PPHVM,L23ZP3UX0G,Toyota,Hilux,2022,A00273,POL00411
CZC-7554,VAY6MG1333NBRJ9F3,BXSL7F0B19,Volkswagen,Gol,2015,A00274,POL00413
AGS-8555,6S5SM69HYLS6EAC37,1E3THB57DV,Kia,Rio,2024,A00275,POL00415
VGV-5259,YV5Y5TUCJKVBR00VW,LW75VKJKV1,Volkswagen,Gol,2016,A00278,POL00420
HIU-9332,27LZK9X018L7M71AE,YRWPRKUHNZ,Chevrolet,Sail,2019,A00279,POL00421
UUO-3907,CUUFNEJWDPRS76GDX,EN7H5F7NGP,Hyundai,Tucson,2021,A00283,POL00426
VTG-8475,AT3U8MY979VWTSYU9,W5HM8AX978,Volkswagen,Gol,2014,A00284,POL00427
TTP-3992,NGRPW9WX7GWPKXLN2,LLLX73URT7,Mazda,CX-5,2016,A00284,POL00428
HJS-7447,3A2D3ZJ6UBNPTV0BX,41XNP95UGE,Volkswagen,Gol,2015,A00285,POL00429
UUO-5093,U1DGDYU05VH7JEX3K,KWNF5SXTVB,Renault,Duster,2014,A00285,POL00430
SUA-3298,H3428DD90B4C9X8VY,EEFHL9F6NE,Nissan,Versa,2024,A00287,POL00433
STV-6351,6NZKNKPWMGBCJZEXX,RPNWL4URPZ,Hyundai,Tucson,2012,A00290,POL00438
OZU-4417,1D552NP1HFM9HLPH8,ZX3NPF907T,Chevrolet,Sail,2020,A00290,POL00439
CUO-1638,DPV03L3MMKM0HLB8P,W20TXBBYB7,Toyota,Hilux,2012,A00293,POL00444
BBO-8609,35JAW77TJX0G78NJR,9JKRFG2VGS,Renault,Duster,2015,A00295,POL00446
VCI-7914,0KC1DNMAKCSL2XA77,ZN25P6T5HU,Nissan,Versa,2022,A00296,POL00447
VPH-2034,04BJGR6HHVJZW54F9,M29NKRBNZK,Mazda,CX-5,2021,A00297,POL00449
CUH-1005,ETWPED3JK7LS2L32N,SZERUJ2HKP,Mazda,CX-5,2019,A00300,POL00454
BVU-6593,UC1TH64L8VRGF0S84,3DGUUT9Y3T,Toyota,Hilux,2017,A00302,POL00457
SJT-5354,G811CGGGHS032CZ56,C24BPMBYGV,Hyundai,Tucson,2018,A00303,POL00458
PVZ-9966,X2ZM8FYZRXWGF2X8M,1NT8ZY50LL,Hyundai,Tucson,2017,A00305,POL00461
VPP-3914,2ENFF2TKYZ2J1GVFX,R5CSKUB8RR,Nissan,Versa,2015,A00306,POL00462
ZSO-8191,3N3M21T0T400SXZEJ,XSJG97XGRZ,Chevrolet,Sail,2023,A00307,POL00463
SJB-3807,B5DZ7KEZEUTB84J2P,5WWYR93KXA,Volkswagen,Gol,2021,A00308,POL00464
JUO-3269,YMGWZM4T8FMT2NRZF,Y5GTBDD0GL,Renault,Duster,2012,A00312,POL00468
GTS-9162,MPZGK0M5M9K5BCHWV,GZMLG8NKY6,Toyota,Hilux,2022,A00313,POL00470
VJA-6870,D7GFX2NVXJ5NV4241,F8B8GX71W8,Hyundai,Tucson,2024,A00314,POL00472
TIU-1785,BDW1NZD49M90CPG6M,RXEP8PAC1P,Toyota,Hilux,2023,A00315,POL00474
TSU-6074,PU3A331UN8TA2C5JR,EHHL8EMXLT,Renault,Duster,2022,A00318,POL00477
VBJ-4311,F8NJC77GHRC1MFES4,05K5C9NPXC,Kia,Rio,2021,A00319,POL00478
IOG-1924,21KV9ERMNY5B5ESVL,KXDHE3BLX0,Toyota,Hilux,2012,A00319,POL00479
OUG-9037,TZ67K60RKVM1TL0B4,WKC63R2JZP,Renault,Duster,2018,A00322,POL00482
GGU-4128,N0630WP2K7G5W3DNP,YL14M5BP1M,Hyundai,Tucson,2016,A00323,POL00484
TBV-2070,FBADYFXZNKPWE0X57,YMVWGLKL3H,Chevrolet,Sail,2020,A00325,POL00486
SSC-8329,B8ZYF0EMJW2KHNXVF,Z8B3L0TN9U,Volkswagen,Gol,2020,A00327,POL00490
CZS-1174,BW1N711CU1Y0943YJ,ZTN8VUF5FX,Chevrolet,Sail,2020,A00329,POL00493
ZBA-1220,YEK6YGHDJNFMFFA4R,PDF1XN7N8M,Kia,Rio,2019,A00330,POL00495
UBU-2241,NMXRL2V39VP4TZSAT,VLEDE8ZD4F,Hyundai,Tucson,2022,A00331,POL00497
SHU-6227,5Z708W8XNRLCZ366X,2665KK13BJ,Kia,Rio,2024,A00332,POL00498
VZT-3830,KMPGB27KUYNB82LWU,RN8844L8DZ,Renault,Duster,2013,A00332,POL00499
UIV-3099,07EB503SPXRX7UYYN,JXRSS87BX9,Mazda,CX-5,2013,A00335,POL00503
UCI-1967,7SRAXZ7KUX8XNNHVD,N9VS14AWTP,Nissan,Versa,2014,A00336,POL00505
OVC-8318,1L5XGU6UN6VLJXBHD,X70KX1B4X2,Mazda,CX-5,2014,A00337,POL00506
PAU-3160,8EEJKGLSF0ZYF3YE8,2D32KFP5LH,Chevrolet,Sail,2024,A00337,POL00507
TZU-4694,7CCRRKJ9XX12B9V8B,3ECNCPR8AZ,Chevrolet,Sail,2023,A00338,POL00508
GCP-1120,VU091LNTYNXT2HV5B,592PMHC1GP,Renault,Duster,2015,A00338,POL00509
GPA-6077,APMYP81X62L87VSEG,ABDAUAW51L,Nissan,Versa,2013,A00339,POL00511
HJT-1366,WCHWKT6PHB7MAHFS6,UUB7EKPE21,Kia,Rio,2012,A00340,POL00512
TBV-5601,V7NUBUNS5AC48RDV0,F067L00KXZ,Chevrolet,Sail,2018,A00341,POL00513
OVP-3691,CY9KYLJP2F3H9CGAT,LRY8HX022R,Volkswagen,Gol,2021,A00344,POL00516
TTO-3551,NA9G8KEWS2WPGNBBB,VHPMEET5H4,Hyundai,Tucson,2017,A00344,POL00517
HJS-8838,C8C8XZBT71G4Z8B1C,8F7TFFSG61,Hyundai,Tucson,2023,A00345,POL00518
GSJ-2555,AJB95E9M6U1DTH8M5,VLCVY4HKEN,Volkswagen,Gol,2019,A00345,POL00519
AHC-4660,Y8R5HGLJJB5804B0G,37CU44EEFT,Renault,Duster,2022,A00346,POL00520
ACB-4060,N50T7EM3HCRNKWJ2A,0D9AHUAWJX,Kia,Rio,2015,A00346,POL00521
CTC-9353,KE79ELS30RT3D4CX2,BN025RJ793,Kia,Rio,2022,A00347,POL00523
SAJ-2086,FKC0U2U6YWXW7981J,7YF8YETUUV,Renault,Duster,2021,A00348,POL00524
GZI-9481,3UT4NJVN0XP6MHVSP,YM80S27U6Y,Nissan,Versa,2014,A00349,POL00525
GHA-8007,8G741XHJMH0DCEUGU,JG4PCDAHYU,Renault,Duster,2016,A00351,POL00528
PIZ-4872,KBXRL1PBLFU8HGS3R,S6LMRUGASW,Nissan,Versa,2018,A00351,POL00529
OCU-7299,1BUP84YXB8915P0KE,1L2PPXZ2US,Volkswagen,Gol,2023,A00352,POL00530
TSG-2059,5B1Z01B8454F4TZRU,0T7LLRNC10,Chevrolet,Sail,2012,A00352,POL00531
HBP-5180,5KVK4UMR3WLERFDMV,74LSBNEEGU,Chevrolet,Sail,2024,A00353,POL00532
ZSZ-7016,U6S6MHSLCE1JAV682,26Z2T3L98J,Hyundai,Tucson,2024,A00357,POL00536
SJJ-7159,W0BX8NBP4K5JW2SKB,R5T82660P6,Kia,Rio,2014,A00357,POL00537
BSH-6812,97C7EZYNW9LAGKUDB,9P0B52Y6ZX,Renault,Duster,2016,A00358,POL00539
JVP-1592,9EK1Y5UKKNF1U2RCC,WAJN3N3K4T,Volkswagen,Gol,2015,A00359,POL00540
VBG-8672,L8HF6Y07TYXKUSRB4,7UY9W82DWT,Volkswagen,Gol,2013,A00359,POL00541
JZJ-3523,37BY0HWS882P24SVS,LYLX1FGFFA,Renault,Duster,2014,A00362,POL00545
OCA-3186,V0ZFCLWYGCFCANL28,GUVEVJE6TL,Chevrolet,Sail,2022,A00363,POL00546
IPH-5811,23SWXPS6KKCFDHKG5,JKEVYXS743,Volkswagen,Gol,2013,A00364,POL00548
JCZ-9152,62X5JX4XMALT3F8YK,CJS98UNM3C,Nissan,Versa,2024,A00365,POL00551
TTZ-9273,U2N4C6V6CVYB3E736,RXR5TWCRT2,Mazda,CX-5,2016,A00367,POL00553
JAJ-1782,EU3B9WD8PVHS1YMNA,4FYS7BGJTL,Hyundai,Tucson,2022,A00367,POL00554
BVP-7593,PLN7ER861X0NCC5NA,ZB0Y3AX6FJ,Renault,Duster,2013,A00373,POL00564
HAZ-2746,DWJT1KUY3E0E8WW3B,BVXMFJG0HG,Renault,Duster,2016,A00375,POL00566
VUP-9946,WWG2CW3FYUDJEGAG7,C702GTLSFY,Kia,Rio,2014,A00376,POL00568
JAT-9568,UN8SD4P1NVZJ23VUS,H3T8AH2NTJ,Hyundai,Tucson,2021,A00378,POL00570
UAG-5095,CE2JPUHAPHA3GYP5K,KH0X31U5NK,Toyota,Hilux,2015,A00378,POL00571
JAH-1050,46LDD6VP3HVKVUM4A,7E6ZWR5NU7,Nissan,Versa,2018,A00379,POL00572
VGT-8961,1R9KHU0TGUW2BEGSV,TSM8AKBX3Y,Chevrolet,Sail,2012,A00379,POL00573
UVH-4268,2ZG17NSXCYZ7SY8R4,BEGJR3CP63,Nissan,Versa,2020,A00380,POL00574
HTS-8370,PFYSHFTSC7ULA8P3Y,GF9RUA4ZZ5,Kia,Rio,2020,A00381,POL00577
CZC-4837,CMNPNJV6D5RJCHP0W,4KEL71AL0C,Hyundai,Tucson,2020,A00382,POL00578
UPU-9697,Y5LP54M5UXTPBN2V1,6FHJDRH72J,Nissan,Versa,2012,A00384,POL00580
HHI-9993,JMC48PJRFK5E4FX6L,UYBCABBBFX,Kia,Rio,2014,A00386,POL00582
VPT-7087,DBKZX1H9VVTLFK7V8,EKMV9CX17C,Volkswagen,Gol,2020,A00387,POL00583
JIT-6594,F0UK21HS3KU9RX0D0,WL1CC7D3PS,Hyundai,Tucson,2018,A00388,POL00584
PPU-1081,TTM78SN1NE2USKEK2,VLW3WLBS3J,Kia,Rio,2017,A00390,POL00587
HTJ-3566,Z0VCM2R0YMVNBF71W,3UV99BRG0S,Renault,Duster,2020,A00391,POL00588
ZPH-6162,H2RKGFG66HDNSFN8P,J2XRC3CEF9,Hyundai,Tucson,2019,A00393,POL00592
BPC-9583,AS1Y78TVH3AP20ZJD,EWEHVGVRR2,Renault,Duster,2020,A00394,POL00595
CZU-3583,P9KES5UYY3EFTCVJ3,C0BYS8244C,Hyundai,Tucson,2020,A00395,POL00596
CTO-2190,XPGMPTYZD49M4G884,KPTVCHSWA5,Renault,Duster,2024,A00397,POL00599
JAG-4829,0HDG05BD90EVVMB5T,L231V6FVK0,Toyota,Hilux,2021,A00397,POL00600
CGB-4030,RVK42D3B7K2H63B5M,PWRRX0SJBV,Hyundai,Tucson,2012,A00398,POL00602
BTZ-3387,NXYHTNU2KSW9UCBL7,RAA9421EDH,Renault,Duster,2024,A00401,POL00607
ZZZ-1417,DE1DUFVEXD63MN53K,D0RUUB855V,Mazda,CX-5,2018,A00401,POL00608
SCI-1318,F871DLETB2TENNN6R,FJXZLNZ2G6,Toyota,Hilux,2020,A00402,POL00609
AJB-4585,4S9XJ68Z1HNP5EVWT,DLXDK2V9CG,Toyota,Hilux,2018,A00403,POL00610
JOP-2774,K689LMEALF8MGNT3L,Y85R4RSH9M,Kia,Rio,2020,A00404,POL00611
JPV-3400,A0A1KFLMRZXLF20AY,5GT2KEMEJX,Hyundai,Tucson,2021,A00406,POL00615
GJS-9877,VBLJCYCR4T9VJWY9E,FVZ596C5FZ,Nissan,Versa,2014,A00406,POL00616
UTT-8559,881K498KJXN8CXA2M,S0DUB011Y6,Kia,Rio,2021,A00408,POL00618
VUI-7136,UTM262NJZVMSJU2RN,GY2LTFXMY7,Toyota,Hilux,2014,A00409,POL00619
ZUG-6625,0GR9G200B8T1XBX8V,TRANWH9EH7,Hyundai,Tucson,2021,A00410,POL00620
HVA-2409,0P2WFXV6GXXNGPM0P,37GS45XCBU,Hyundai,Tucson,2014,A00410,POL00621
JSP-2999,7DJ7AU0JS9Z2LJY43,DX9355UWLJ,Volkswagen,Gol,2019,A00411,POL00622
VUJ-6444,BJACCKW0RRESJHXXE,PAXY7CP4MG,Kia,Rio,2016,A00413,POL00625
COZ-4638,455V3KAJ09L0VPEPM,GJNEJNKAWF,Volkswagen,Gol,2012,A00413,POL00626
PCV-8727,2F6MMZ76XT0U7J1KC,XKF961SG2D,Chevrolet,Sail,2020,A00414,POL00628
UJC-2651,4XEWSKSLX0SPXWU3H,868RL2VSBY,Hyundai,Tucson,2016,A00417,POL00632
VPO-2843,P8XJSJKBGJ02DNMCC,T86995ZP09,Volkswagen,Gol,2017,A00419,POL00635
AHH-4871,1FXH6EZLPFBKLZBFW,N7U9NDNA37,Hyundai,Tucson,2013,A00420,POL00636
CBZ-8542,36JDHFHH12GJMCHC5,JY5SNPCVN4,Hyundai,Tucson,2018,A00422,POL00638
CVV-5621,MGFVB2JYAXJKV1JBN,0Z1EAPZJ8B,Kia,Rio,2024,A00423,POL00639
IPI-9841,01WJPBTEKBK7D4H0L,7R8UDLD5F4,Renault,Duster,2018,A00423,POL00640
IIH-3598,ARVCSDHB028504WE0,5Z0V4MST7G,Kia,Rio,2014,A00424,POL00641
VVP-3009,CPB3RG52UF8L4CAG0,5GKBGYD6FN,Kia,Rio,2020,A00425,POL00642
IBA-5714,0U8WN2MHNBB4MZZ54,4T8BPHAYNN,Hyundai,Tucson,2021,A00425,POL00643
ZCB-6787,ESJ7BCDU234GWYBEH,D586HTCBTS,Renault,Duster,2020,A00426,POL00644
VSH-9141,28REN65H31VG31GKP,8VD87USRMX,Chevrolet,Sail,2018,A00427,POL00647
SSB-8308,AETL4JBP6D96LGF3D,LBTGFS0995,Nissan,Versa,2014,A00428,POL00648
TPA-2156,2TWJLH5Z9R5905AMD,BTC37X7FMN,Nissan,Versa,2018,A00429,POL00649
POT-5430,L49K627DUCZRHTF4H,Z4C8SM8VRY,Toyota,Hilux,2023,A00430,POL00650
HTA-7908,V11ST4BU59WKE5AKY,G1KLZS3UJA,Toyota,Hilux,2020,A00431,POL00651
ASZ-2038,FWEPHSZLP3GRP73AY,MSCTX9G2YB,Renault,Duster,2014,A00433,POL00654
SBJ-6208,CNVUB32E77EJTCA26,KGUF5U3GRX,Kia,Rio,2021,A00433,POL00655
ISH-6137,DHHJMD70S1CZHE7F4,DR2P3XS3JG,Mazda,CX-5,2020,A00436,POL00659
VCH-9689,TMDV11U4483DX4TLA,WX4085YB5W,Nissan,Versa,2024,A00437,POL00661
JCG-7054,T21JM3YVDG2YZRDA4,LMHMKVM547,Chevrolet,Sail,2023,A00437,POL00662
BBC-5602,GF09T1DAAG7278JNF,MZ5AU5J3TL,Chevrolet,Sail,2022,A00438,POL00663
GJI-7322,D6ZL0T9MWJHR9XT0U,DC4TW0V6YK,Mazda,CX-5,2015,A00439,POL00665
VPS-9048,F552PSVL8LBN1LE7Z,ADE1SCTYNC,Nissan,Versa,2018,A00440,POL00666
IZG-6006,ACG9E2579V9E4ZMUT,T0TT4DP0E7,Hyundai,Tucson,2021,A00441,POL00667
TSB-3409,699T149KDWX7J7GU5,JT1RCF1TMU,Hyundai,Tucson,2014,A00442,POL00668
AJZ-3574,PM9DPLKHCHAMRMABE,1641HCB971,Volkswagen,Gol,2013,A00444,POL00670
TBS-9361,D7U3JNXW3XGCANB62,MA0UY15EYB,Hyundai,Tucson,2023,A00446,POL00672
BAT-7438,0WFFRVA5XG2U7CA0N,43NVK12L16,Kia,Rio,2024,A00446,POL00673
IAI-8024,M06E61BSJBFJ4Z6M1,AWFA0JE60Y,Kia,Rio,2020,A00448,POL00675
JHC-3665,K7Y9E5DT0UJGZV08C,X49JAKJ08A,Toyota,Hilux,2023,A00450,POL00679
ZZO-3910,9LXUADF8MLT5SFJ3E,10A7EDZDFH,Nissan,Versa,2021,A00452,POL00681
ZTB-6160,M4FC0R5DJNCC6E4XA,A7TF9WXVRK,Kia,Rio,2024,A00452,POL00682
CSH-5571,7H3F9K7NWFPECTYCK,Z2RME6VP05,Mazda,CX-5,2016,A00453,POL00683
UHH-9879,9NWMXR1W2JDYYD55U,D205YZF02L,Hyundai,Tucson,2015,A00454,POL00686
GBB-2640,691GBKYV51DMLB20R,XUFMAFJM5X,Kia,Rio,2024,A00456,POL00688
BIG-3999,ZT5YC5VC8G5NJ6DZ0,BREDA2VPWA,Mazda,CX-5,2015,A00457,POL00690
APS-5656,EEWGRYMZZS0YKC01E,CD38AB24DE,Renault,Duster,2020,A00458,POL00691
IAG-3632,ZAE8P1XTJ2MVG6TMD,MKRRWYGEAC,Mazda,CX-5,2021,A00461,POL00695
GVC-1106,VY6Y5XMFL4WL2CRS3,MAK60ZMET6,Volkswagen,Gol,2019,A00464,POL00698
CGJ-3756,GLEZH8A0G4GH94P0Y,FX67LG1CDY,Chevrolet,Sail,2015,A00465,POL00700
BJI-4215,AJAJCPDUKRJJ58ZJG,S0NCJ9F3YD,Kia,Rio,2018,A00471,POL00708
UVS-4781,566Z2GRJEBLF3E7W1,CLPHBTSUE1,Mazda,CX-5,2018,A00471,POL00709
APA-7011,20326C1R2KF9200DW,VTWC542NWN,Volkswagen,Gol,2023,A00472,POL00710
JZB-2449,VKTP3JYXUKG99C8G3,KSWF1TRNYS,Toyota,Hilux,2014,A00474,POL00712
BUZ-6993,82B0U061U8Y62UYN0,S407U2191E,Kia,Rio,2018,A00475,POL00715
PBZ-6598,M2KX012W5MHSA6UJS,0HUM1HVDTN,Nissan,Versa,2015,A00477,POL00717
ICG-6943,UM496TU8DH8NLB3YK,R565J42X3N,Nissan,Versa,2015,A00480,POL00723
ZCZ-8197,EB0XCCBK7MJEWMX6N,H4BWRHP2F8,Mazda,CX-5,2014,A00481,POL00724
STC-8940,SZJ0ZPSKLK5RNMAV0,7RZRJR44F9,Chevrolet,Sail,2017,A00482,POL00726
ZZG-7244,CGA8HK2GZRMF84TT2,7NX5TJKPPK,Toyota,Hilux,2014,A00483,POL00728
UZT-4016,MZ2D1MYP0D1S7SEHD,U28UGSA8XR,Toyota,Hilux,2020,A00484,POL00730
JHA-2496,1PX58ZMD7AJBTL4LA,E8GJFKWENS,Mazda,CX-5,2024,A00488,POL00737
BVS-4037,J51B6Y73ZSPWNHF1Y,WNB9YMRHKC,Hyundai,Tucson,2014,A00490,POL00740
VJH-5633,6V7ADAJ362WW482W5,5WF3N1Z4CT,Volkswagen,Gol,2017,A00490,POL00741
GAS-7326,U4M65FHZJ1RXPD06A,M0ZHLL63P4,Volkswagen,Gol,2016,A00491,POL00742
HUH-2195,WH2SSTU5VRU3TBLKR,DY93J7PUGS,Hyundai,Tucson,2014,A00493,POL00745
OVS-3161,JCSACWU4W1EKRDBKZ,GJHP6Y2Z2N,Mazda,CX-5,2017,A00496,POL00748
JJG-2386,ER0DPVMN3LJCSNW6V,MT3PGBWR53,Mazda,CX-5,2020,A00497,POL00751
HBO-5317,NCWPXDKR0DLLU42YM,5YLNNJKRAJ,Volkswagen,Gol,2012,A00499,POL00754
AGG-5155,365EH460A54K7ZXSD,MU0PDFMRT8,Hyundai,Tucson,2014,A00500,POL00755
CPH-8511,EBF6LLJVD0D53T6G7,8XT3GMTD10,Chevrolet,Sail,2022,A00501,POL00756
VSV-6623,12VT9KS8SN5EMGJFF,DH69CSZ3DE,Chevrolet,Sail,2019,A00503,POL00758
SIU-2792,8GMMK81TSR6MLB0VK,KH1M1XT1NN,Toyota,Hilux,2023,A00505,POL00760
PSS-6416,AU6BLA019ZEXN58TM,24PLX3RUM5,Volkswagen,Gol,2019,A00507,POL00762
AJB-7543,ZFKJB0LKVHEX3PCKX,X2R4S6K3MV,Toyota,Hilux,2022,A00507,POL00763
TTP-6564,GNPGRCCURLEFMKGME,0V9H0K4382,Chevrolet,Sail,2016,A00508,POL00764
JHH-3188,AC1M9857SXX12V2WH,4JPVMHK4KM,Chevrolet,Sail,2013,A00509,POL00765
SHP-4554,HV89HF75K3UGL9NHB,DR443BLADA,Toyota,Hilux,2017,A00510,POL00766
PUC-7847,LDD524L64SRMP91PP,73F9YH2M26,Mazda,CX-5,2013,A00513,POL00769
CTP-3569,NRKG9RZM6E7XB2781,GC40LAGUSE,Hyundai,Tucson,2021,A00514,POL00770
ISJ-9736,SWZ8MBK21021LZGJX,5PW9LYXRU4,Kia,Rio,2022,A00515,POL00771
JSH-2031,528BA6W8TZV2UE9N9,WH36SV6YP2,Renault,Duster,2023,A00517,POL00773
AIC-2937,CL2J6C22VDBMUTZGR,ANCY7WS7TG,Renault,Duster,2020,A00519,POL00775
AAA-4487,CZ12GZPBZ1VGTN5V4,5D97BH7L3C,Mazda,CX-5,2012,A00519,POL00776
SSA-7445,7UY420LWC1KJHXZ47,JX4MMMHAYS,Toyota,Hilux,2015,A00521,POL00778
HPH-6335,0R4XLGRRXA8FJVYZP,GLDAS2JMFE,Renault,Duster,2023,A00522,POL00779
PIU-6263,XLMWLZJXG2H9X80F5,EDYDD0WFT5,Mazda,CX-5,2019,A00523,POL00781
VCH-8182,VH6HZW6NTVPCYR89B,RNHP3FENSM,Mazda,CX-5,2018,A00523,POL00782
HZP-8123,MXEXMH5W3XPXR79DG,9GZ47NVU18,Chevrolet,Sail,2013,A00525,POL00784
HGG-7488,JT14TYDBCHDY7RBRY,LGF3VVLV1U,Kia,Rio,2023,A00526,POL00785
UPS-2212,JWN5F6AYWTYGUP48L,2GFMPBP9Y4,Volkswagen,Gol,2020,A00528,POL00790
ZBO-8667,D0XK44PR0FX9B6AXN,J2BHHSFASJ,Toyota,Hilux,2021,A00530,POL00792
ASA-9701,XG9HCVXDJWP6P2EY8,P12J5FPZ92,Renault,Duster,2021,A00531,POL00793
TIP-6271,4F0V5SFY11S8MZZHG,1VS2CJ9S78,Chevrolet,Sail,2014,A00531,POL00794
AIG-5833,MF1TTE3ECG6XPYW3T,C0HCNAJ8PA,Renault,Duster,2016,A00532,POL00795
HTH-5433,6HRXPB3C382TAMM9U,96UXZHSY6J,Kia,Rio,2019,A00532,POL00796
VBV-7287,UCNWP9E98P75Z9RRP,2V75ATGRAA,Kia,Rio,2021,A00533,POL00797
AHB-3791,RFCZ56JAUUEBD8UGP,LU0SED7WGK,Toyota,Hilux,2014,A00535,POL00799
GCC-7114,F8WKMVATPM3GGDCNW,14G1PD7AK2,Renault,Duster,2019,A00536,POL00801
JVJ-3220,E0N3BAY67XBDG8SJY,AB6P6FNC5L,Hyundai,Tucson,2014,A00537,POL00802
BTJ-9120,KMHBTXU3H8HLE7A6T,WS3DKRWVJM,Volkswagen,Gol,2017,A00538,POL00803
SHV-2348,KBUW57M1BPM3ZXGRJ,73F6WBJUZZ,Hyundai,Tucson,2021,A00539,POL00804
IPS-2489,L42V3T7493JP61DA9,UW6TB9R5FH,Kia,Rio,2021,A00540,POL00805
JHA-1824,2N2JNXRUU94U5C9LH,R3XU4MKALE,Kia,Rio,2014,A00540,POL00806
AAA-9987,1SV26SHAAFHTH2ABF,1KSJ8N66C1,Chevrolet,Sail,2012,A00542,POL00808
GAA-1377,9URS4HGS5FGFXF0TY,9KWKBNTAE0,Renault,Duster,2015,A00543,POL00809
IJS-5102,VU245KDGDJUBJF9KJ,R95VAK2KCZ,Volkswagen,Gol,2020,A00543,POL00810
VIT-4156,3WLRZ6BAVFLGJYGH3,EMXZBV2HCD,Hyundai,Tucson,2019,A00544,POL00811
CPG-9558,K6FBFMNJ4EZFJBT0A,844XRTW1CW,Kia,Rio,2022,A00545,POL00812
OZC-5251,SZ3F83LLXGJ6M25A9,231Z2KJUE5,Nissan,Versa,2018,A00547,POL00815
HCC-4855,XUPWDW31KHKFY4TZL,ZTMB2UVFHG,Volkswagen,Gol,2022,A00549,POL00818
ITS-5710,99MEU3B22TBZGGCMF,L0WNUFMSBH,Hyundai,Tucson,2023,A00550,POL00820
ZGO-3331,G91DDNLDNG5DFFUCA,PW7HSG8G63,Chevrolet,Sail,2012,A00551,POL00821
ZIA-2973,EP5YRYLHB7L5A7J6D,R6H3G4B9H7,Mazda,CX-5,2014,A00552,POL00824
ZGA-8330,3GAMVA0Z69CALTVNJ,P2MLH2C11Z,Mazda,CX-5,2019,A00554,POL00826
BJS-2939,S0KFXDH3WK1EA7APN,0CTLVPHRJV,Mazda,CX-5,2020,A00554,POL00827
UIV-7359,V2SRYRWFFAXBHU83T,K894HX7SYX,Volkswagen,Gol,2023,A00556,POL00830
CGS-7096,89GY0TK1C6LR1BKVV,40U466KCZE,Kia,Rio,2019,A00557,POL00831
IJV-5318,7R7DPG8XWRBM5VEW9,X6M1DLMYT2,Kia,Rio,2022,A00558,POL00832
ZZU-4383,YP273JZJP497D3BT2,RMDY0STAZB,Kia,Rio,2022,A00560,POL00835
JHV-1144,XNX35D7968YZTL4EB,STKM7P2J6P,Volkswagen,Gol,2014,A00561,POL00836
ICB-7960,APMMBM3AGUM2U8ED4,BE56BPF2N5,Chevrolet,Sail,2024,A00565,POL00841
SGZ-2853,5LU54SARC2XTDLZXG,RRJ6L8MFLH,Renault,Duster,2018,A00567,POL00843
ACZ-8052,352YL6LWZP8T0B5A9,4WA3803BLC,Renault,Duster,2020,A00568,POL00844
SAH-5244,CRMLZNSPMALSZECK0,YZDHRYVYCR,Hyundai,Tucson,2018,A00570,POL00846
SJC-1118,BZRHJUUFLD5Y2XJDH,KS82NE76W0,Toyota,Hilux,2016,A00571,POL00848
SGO-6601,GJM25ERG70R2J4U7X,K92T1GKB4H,Kia,Rio,2019,A00572,POL00849
IZC-5431,DNLGEZRYZAXGUPJGG,WSD586JT6J,Nissan,Versa,2017,A00573,POL00850
GGV-3787,4ZGZDLY6V4UDY9ZNL,X47J2MB9U2,Hyundai,Tucson,2019,A00576,POL00854
UIB-7419,LLMMZAGMZ2LW5M3NT,MAFLLSUFVM,Mazda,CX-5,2021,A00576,POL00855
GCB-8818,VCBREDFRS0NMJLW6F,FR1AC3BK68,Renault,Duster,2022,A00579,POL00858
OJZ-3126,2VPZAAXR6MNU4F54K,RHPN3HATVF,Chevrolet,Sail,2018,A00580,POL00859
ZHB-4221,6M671073C4PTVMCU4,E7XYG95BF8,Nissan,Versa,2021,A00581,POL00860
OSV-1176,LZV0R1J3CU6MN4UEA,AYR9YX7UMF,Nissan,Versa,2018,A00583,POL00864
OPB-5290,4DW83GVR69TUP6D21,F5Z3T36J1R,Hyundai,Tucson,2018,A00584,POL00865
VPH-6480,C61BVS034CYCRS5U4,9SPB275PB2,Chevrolet,Sail,2019,A00585,POL00868
OVG-7794,PWL9972BXXBWJJH6D,T4E25B32PM,Renault,Duster,2012,A00588,POL00872
TSZ-9790,L8HK3XPR6F6A4WTL2,VLBPSFSXWB,Kia,Rio,2013,A00589,POL00874
JSC-2040,Y5NA0TLUR9USDKE6H,379A11URHY,Chevrolet,Sail,2022,A00589,POL00875
ZTP-2526,YAN5CH7DK3WC5DPB9,CE6L2KL3MV,Toyota,Hilux,2016,A00590,POL00876
TTO-5515,FE3A4H1HL722JACJB,SH6DM3NTUU,Toyota,Hilux,2015,A00591,POL00878
BCA-5837,KWL0P3BFKR60SAMU5,2DS15AJVS1,Chevrolet,Sail,2017,A00592,POL00880
HUJ-7735,KNJR4C1263VEJ0W8M,JDTM1ML3JA,Mazda,CX-5,2018,A00596,POL00885
IJS-3528,SPX729685M04AWHST,MDTSGXNNFK,Hyundai,Tucson,2014,A00597,POL00886
ATT-8641,2KEWRCVEPWHBP8XK7,JC4X1WLJVA,Nissan,Versa,2017,A00597,POL00887
SOJ-8014,GT2JC02JAF70SA533,G4Y7KVAWSW,Chevrolet,Sail,2019,A00598,POL00888
OTS-6173,2GAD888NLE8ZDR3FM,CKYEN7NP6C,Hyundai,Tucson,2015,A00599,POL00889
ZOH-1001,U84B53JRXEA73XEE7,CZF7SLZFUZ,Nissan,Versa,2018,A00599,POL00890
